,titulo,tipo_propiedad,dias_publicacion,fecha_extracción,ubicacion,valor_A,valor_B,valor_m2_prop,valor_m2_comuna,Superficie total,Superficie útil,Dormitorios,Baños,Gastos comunes,Estacionamientos,Antigüedad,Bodegas,Número de piso de la unidad,Departamentos por piso
0,Metro El Golf,Departamento,Publicado hace 35 días,2021-07-01,"San Sebastian 2700 - 3000, Barrio El Golf, Las Condes, RM (Metropolitana)",400.000,,"0,27 UF/m²",,50 m²,50 m²,1,2,90000 CLP,,,,,
1,A 2 Cuadras Del Metro Alcantara-sector El Golf,Departamento,Publicado hace 35 días,2021-07-01,"Avenida El Golf 201, Barrio El Golf, Las Condes, RM (Metropolitana)",700.000,,"0,34 UF/m²","0,32 UF/m²",70 m²,70 m²,1,1,150000 CLP,1,,,,
2,Arriendo Depto  Calle Tranquila ,Departamento,Publicado hace 35 días,2021-07-01,"Alicante / Martin De Zamora 1 - 300, Vaticano, Las Condes, RM (Metropolitana)",710.000,,"0,21 UF/m²","0,27 UF/m²",113 m²,105 m²,3,2,,1,,,,
3,"Departamento En Excelente Estado, Sector Villa Maria",Departamento,Publicado hace 35 días,2021-07-01,"Presidente Errázuriz 3600 - 3900, Barrio El Golf, Las Condes, RM (Metropolitana)",850.000,,"0,18 UF/m²",,160 m²,160 m²,2,2,400000 CLP,1,38 años,,,
4,Acogedor Departamento Martin Alonzo Pinzon /colon,Departamento,Publicado hace 34 días,2021-07-01,"Martín Alonso Pinzón 6900 - 7200, Rotonda Atenas, Las Condes, RM (Metropolitana)",12,359.525,"0,43 UF/m²","0,37 UF/m²",28 m²,28 m²,1,1,,1,,,,
5,Impecable Departamento En Las Torcazas ,Departamento,Publicado hace 34 días,2021-07-01,"Las Torcazas 1 - 300, Barrio El Golf, Las Condes, RM (Metropolitana)",960.000,,"0,33 UF/m²",,98 m²,88 m²,3,12,,1,,,,
6,Arriendo / Depto / 380 M2 / 3d 4b 2e 1b / Las Condes,Departamento,Publicado hace 34 días,2021-07-01,"Avenida Los Tuliperos Sur 13200 - 13500, San Carlos de Apoquindo, Las Condes, RM (Metropolitana)",95,2.822.716,"0,25 UF/m²","0,24 UF/m²",380 m²,300 m²,4,4,1200000 CLP,2,,,,
7,"Amoblado - Bonito Dp. 2 Dorm, 1 Baño, Estacionamiento",Departamento,Publicado hace 34 días,2021-07-01,"Hamlet 4200 - 4500, Metro Escuela Militar, Las Condes, RM (Metropolitana)",550.000,,"0,31 UF/m²",,60 m²,60 m²,2,1,,1,,,,
8,Excelente Departamento.,Departamento,Publicado hace 34 días,2021-07-01,"Los Militares 5700 - 6000, Metro Manquehue - Apumanque, Las Condes, RM (Metropolitana)",850.000,,"0,48 UF/m²","0,38 UF/m²",60 m²,50 m²,2,2,130000 CLP,1,,,,
9,A 2 Cuadras Del Metro Alcantara-sector El Golf,Departamento,Publicado hace 34 días,2021-07-01,"Avenida El Golf 1 - 300, Barrio El Golf, Las Condes, RM (Metropolitana)",650.000,,"0,31 UF/m²","0,32 UF/m²",70 m²,70 m²,1,1,150000 CLP,1,,,,
10,Cerca Del Metro Escuela Militar Y Metro Alcantara ,Departamento,Publicado hace 34 días,2021-07-01,"El Dante 4200 - 4500, Metro Escuela Militar, Las Condes, RM (Metropolitana)",460.000,,"0,34 UF/m²","0,37 UF/m²",45 m²,35 m²,1,1,75000 CLP,1,,,,
11,Amoblado/metro El Golf/estilo Hotel,Departamento,Publicado hace 34 días,2021-07-01,"Avenida Presidente Riesco 2700 - 3000, Barrio El Golf, Las Condes, RM (Metropolitana)",22,653.682,"0,44 UF/m²","0,37 UF/m²",50 m²,50 m²,1,1,140000 CLP,,,,,
12,Metro Alcántara/ Remodelado/ 3 Estacionamientos + Bodega,Departamento,Publicado hace 34 días,2021-07-01,"Alsacia 1 - 300, Barrio El Golf, Las Condes, RM (Metropolitana)",80,2.377.024,"0,27 UF/m²","0,24 UF/m²",300 m²,300 m²,4,5,380000 CLP,3,,,,
13,Muy Luminoso,Departamento,Publicado hace 34 días,2021-07-01,"Callao 3600 - 3900, Barrio El Golf, Las Condes, RM (Metropolitana)",33,980.522,"0,55 UF/m²","0,37 UF/m²",60 m²,50 m²,1,1,125000 CLP,1,,,,
14,Departamento Con Estacionamiento Y Bodega,Departamento,Publicado hace 34 días,2021-07-01,"(adm) Las Condes 14181 - Departamento 300 - 600, Quinchamalí, Las Condes, RM (Metropolitana)",475.000,,"0,25 UF/m²","0,37 UF/m²",65 m²,61 m²,2,1,120000 CLP,1,,,,
15,Amplio Departamento,Departamento,Publicado hace 34 días,2021-07-01,"Avenida Presidente Kennedy 5700 - 6000, Parque Arauco, Las Condes, RM (Metropolitana)",650.000,,"0,19 UF/m²","0,27 UF/m²",118 m²,118 m²,3,2,,1,,,,
16,Metro Alcántara,Departamento,Publicado hace 34 días,2021-07-01,"Alsacia 1 - 300, Barrio El Golf, Las Condes, RM (Metropolitana)",80,2.377.024,"0,27 UF/m²","0,24 UF/m²",300 m²,300 m²,4,5,380000 CLP,3,,,,
17,Departamento De Lujo Ubicado En Exclusivo Barrio El Golf,Departamento,Publicado hace 33 días,2021-07-01,"Glamis 3000 - 3300, Barrio El Golf, Las Condes, RM (Metropolitana)",920.000,,"0,21 UF/m²","0,27 UF/m²",150 m²,140 m²,3,2,,2,,,,
18,Arrendamos Departamento En Segundo Piso Vista Oriente ,Departamento,Publicado hace 33 días,2021-07-01,"Apoquindo 7800 - 8100, Los Dominicos, Las Condes, RM (Metropolitana)",660.000,,"0,32 UF/m²","0,29 UF/m²",70 m²,70 m²,3,2,1200000 CLP,1,,,,
19,Locomocion Cercano Avenida Bilbao,Departamento,Publicado hace 33 días,2021-07-01,"Victor Rae 5500 - Departamento 8, San Carlos de Apoquindo, Las Condes, RM (Metropolitana)",1.300.000,,"0,27 UF/m²","0,27 UF/m²",160 m²,150 m²,4,2,,2,,,,
20,Hermoso Dpto. Barrio El Golf. Nuevo!,Departamento,Publicado hace 19 días,2021-07-01,"Callao 3600 - 3900, Barrio El Golf, Las Condes, RM (Metropolitana)",850.000,,"0,48 UF/m²","0,37 UF/m²",60 m²,50 m²,1,1,,1,,,,
21,Departamento Metro Alcantará 2d 2b 2 Terraza  Est Bod,Departamento,Publicado hace 33 días,2021-07-01,"Alsacia 1 - 300, Barrio El Golf, Las Condes, RM (Metropolitana)",585.000,,"0,3 UF/m²","0,33 UF/m²",65 m²,55 m²,2,2,,1,,,,
22,Departamento Alcantara Cercano Metro,Departamento,Publicado hace 32 días,2021-07-01,"Alcántara 900 - 1200, Vaticano, Las Condes, RM (Metropolitana)",550.000,,"0,21 UF/m²","0,33 UF/m²",88 m²,75 m²,2,2,110000 CLP,1,,,,
23,"Excelente, Amplio Y Moderno Depto.",Departamento,Publicado hace 32 días,2021-07-01,"Felipe Ii 4200 - 4500, Vaticano, Las Condes, RM (Metropolitana)",800.000,,"0,22 UF/m²","0,28 UF/m²",120 m²,109 m²,3,3,190000 CLP,1,,,,
24,"Metro Tobalaba, Barrio El Golf",Departamento,Publicado hace 32 días,2021-07-01,"Callao 3000 - 3300, Barrio El Golf, Las Condes, RM (Metropolitana)",550.000,,"0,32 UF/m²",,58 m²,58 m²,1,1,90000 CLP,,,,,
25,Colon / Tobalaba (metro)  ,Departamento,Publicado hace 32 días,2021-07-01,"Avenida Cristóbal Colón 3000 - 3300, Vaticano, Las Condes, RM (Metropolitana)",820.000,,"0,19 UF/m²","0,28 UF/m²",145 m²,130 m²,4,3,150000 CLP,1,,1,1,2
26,Apoquindo // Iv Centenario 1d 1b 1e 1b,Departamento,Publicado hace 6 días,2021-07-01,"Avenida Apoquindo 6300 - 6600, Metro Manquehue - Apumanque, Las Condes, RM (Metropolitana)",450.000,,"0,36 UF/m²","0,37 UF/m²",42 m²,34 m²,1,1,80000 CLP,1,,,,
27,Apoquindo // Iv Centenario 1d 1b 1e 1b,Departamento,Publicado hace 6 días,2021-07-01,"Avenida Apoquindo 6300 - 6600, Metro Manquehue - Apumanque, Las Condes, RM (Metropolitana)",450.000,,"0,36 UF/m²","0,37 UF/m²",42 m²,34 m²,1,1,80000 CLP,1,,,,
28,Apoquindo // Iv Centenario 1d 1b 1e 1b,Departamento,Publicado hace 6 días,2021-07-01,"Avenida Apoquindo 6300 - 6600, Metro Manquehue - Apumanque, Las Condes, RM (Metropolitana)",450.000,,"0,36 UF/m²","0,37 UF/m²",42 m²,34 m²,1,1,80000 CLP,1,,,,
29,"Exclusivo Dpto. Remodelado, 2 Suites, Club De Golf ",Departamento,Publicado hace 31 días,2021-07-01,"Américo Vespucio Norte 600 - 900, Parque Arauco, Las Condes, RM (Metropolitana)",1.600.000,,"0,3 UF/m²",,178 m²,140 m²,2,4,,1,,,,
30,Amoblado - Metro Golf. Con Estacionamiento -,Departamento,Publicado hace 31 días,2021-07-01,"Augusto Leguía Sur 1 - 300, Barrio El Golf, Las Condes, RM (Metropolitana)",550.000,,"0,26 UF/m²","0,33 UF/m²",70 m²,70 m²,2,2,,1,,,,
31,Exclusivo Departamento - Cerro San Luis,Departamento,,2021-07-01,"Cristal De Abelli 2700 - 3000, Barrio El Golf, Las Condes, RM (Metropolitana)",4.100,2.983.816,"0,33 UF/m²","0,24 UF/m²",307 m²,277 m²,3,4,,2,,,,
32,Metro Alcántara / Todo Incluído,Departamento,Publicado hace 31 días,2021-07-01,"Metro Alcántara / Todo Incluído, Barrio El Golf, Las Condes, RM (Metropolitana)",690.000,,"0,41 UF/m²","0,37 UF/m²",57 m²,48 m²,1,1,,,,,,
33,La Gloria / Los Militares,Departamento,Publicado hace 31 días,2021-07-01,"La Gloria / Los Militares, Metro Escuela Militar, Las Condes, RM (Metropolitana)",650.000,,"0,27 UF/m²","0,33 UF/m²",81 m²,74 m²,2,2,,,,,,
34,Hermoso Depto 1 Dormitorio Las Condes,Departamento,Publicado hace 31 días,2021-07-01,"Avenida Las Condes 10200 - 10500, Estoril, Las Condes, RM (Metropolitana)",450.000,,"0,34 UF/m²","0,37 UF/m²",45 m²,45 m²,1,1,75000 CLP,1,,,,
35,Amoblado - Cercano Rotonda Atenas,Departamento,Publicado hace 31 días,2021-07-01,"Los Pozos 6600 - 6900, Rotonda Atenas, Las Condes, RM (Metropolitana)",750.000,,"0,26 UF/m²","0,29 UF/m²",96 m²,90 m²,3,2,90000 CLP,1,,,,
36,Arriendo 3 Dormitorios Mas Escritorio 182 Metros Las Condes,Departamento,Publicado hace 31 días,2021-07-01,"C, Los Militares 5400 - 5700, Metro Manquehue - Apumanque, Las Condes, RM (Metropolitana)",1.600.000,,"0,3 UF/m²","0,24 UF/m²",182 m²,162 m²,4,4,280000 CLP,2,,,,
37,"El Golf, Vistas, Conectividad Y Elegancia",Departamento,Publicado hace 31 días,2021-07-01,"Las Torcazas 1 - 300, Barrio El Golf, Las Condes, RM (Metropolitana)",110,3.268.408,"0,33 UF/m²","0,24 UF/m²",333 m²,233 m²,4,4,,3,,,,
38,Departamento Vista Despejada Parque Araucano,Departamento,Publicado hace 6 días,2021-07-01,"Cerro Colorado 6000 - 6300, Parque Arauco, Las Condes, RM (Metropolitana)",35,1.039.948,"0,39 UF/m²","0,33 UF/m²",90 m²,78 m²,2,2,170000 CLP,1,,,,
39,Vecinal Esquina Napoleón,Departamento,Publicado hace 31 días,2021-07-01,"Vecinal 1 - 300, Barrio El Golf, Las Condes, RM (Metropolitana)",555.000,,"0,22 UF/m²","0,33 UF/m²",84 m²,74 m²,2,2,,1,,,,
40,Plaza Loreto-club De Golf,Departamento,,2021-07-01,"Plaza Loreto-club De Golf, Barrio El Golf, Las Condes, RM (Metropolitana)",1.000.000,,"0,22 UF/m²","0,29 UF/m²",155 m²,140 m²,2,3,,2,,,,
41,Edificio Fundadores / Excelente Estado / El Golf,Departamento,,2021-07-01,"Edificio Fundadores / Excelente Estado / El Golf, Barrio El Golf, Las Condes, RM (Metropolitana)",55,1.634.204,"0,39 UF/m²","0,28 UF/m²",140 m²,125 m²,3,3,,2,,,,
42,Maravilloso Departamento Cercano A Colegio Padre Hurtado Y J,Departamento,Publicado hace 30 días,2021-07-01,"Francisco Bulnes Correa 3600 - 3900, San Carlos de Apoquindo, Las Condes, RM (Metropolitana)",2.800.000,,"0,27 UF/m²","0,24 UF/m²",344 m²,294 m²,5,5,700000 CLP,3,,,,
43,Departamento Amoblado Con Increíble Terraza- 100%,Departamento,Publicado hace 30 días,2021-07-01,"Las Torcazas 50, Barrio El Golf, Las Condes, RM (Metropolitana)",1.400.000,,"0,33 UF/m²","0,29 UF/m²",144 m²,85 m²,3,2,115000 CLP,1,,,,
44,Departamento Alsacia 57 Tipo Estudio Con Estacionamiento ,Departamento,Publicado hace 30 días,2021-07-01,"Alsacia 57, Barrio El Golf, Las Condes, RM (Metropolitana)",400.000,,"0,45 UF/m²","0,37 UF/m²",30 m²,30 m²,1,1,,1,,,,
45,Tour Virtual / Metro E. Militar,Departamento,Publicado hace 30 días,2021-07-01,"Tour Virtual / Metro E. Militar, Metro Los Presidentes - Lo Hermida, Peñalolén, RM (Metropolitana)",780.000,,"0,2 UF/m²",,134 m²,127 m²,3,2,,,,,,
46,Departamento Amoblado En Arriendo,Departamento,Publicado hace 30 días,2021-07-01,"Isidora Goyenechea 2700 - 3000, Barrio El Golf, Las Condes, RM (Metropolitana)",85,2.525.588,"0,79 UF/m²","0,32 UF/m²",108 m²,67 m²,1,1,,1,,,,
47,Luminoso Departamento ,Departamento,Publicado hace 30 días,2021-07-01,"Avenida Presidente Kennedy Lateral 5700 - 6000, Estadio Manquehue, Vitacura, RM (Metropolitana)",1.200.000,,"0,48 UF/m²","0,32 UF/m²",84 m²,72 m²,2,2,,1,,,,
48,Excelente Ubicacion Lado Metro,Departamento,Publicado hace 30 días,2021-07-01,"Reyes Lavalle 3300 - 3600, Barrio El Golf, Las Condes, RM (Metropolitana)",720.000,,"0,27 UF/m²","0,29 UF/m²",90 m²,90 m²,3,2,130000 CLP,1,,,,
49, Sector Colegio Sek- Nueva Las Condes,Departamento,Publicado hace 30 días,2021-07-01,"Escandinavia 1 - 300, Metro Manquehue - Apumanque, Las Condes, RM (Metropolitana)",1.200.000,,"0,25 UF/m²","0,28 UF/m²",160 m²,130 m²,3,3,,2,,,,
50,"Lindo Departamento 1 Dormitorio, Amoblado, Barrio El Golf ",Departamento,Publicado hace 30 días,2021-07-01,"Hamlet 3900 - 4200, Barrio El Golf, Las Condes, RM (Metropolitana)",540.000,,"0,29 UF/m²",,62 m²,50 m²,1,1,90000 CLP,1,,,,
51,Departamento Nuevo Edif Vanguardista Luminoso 1d/1b 1e/1b,Departamento,Publicado hace 29 días,2021-07-01,"Camino San Francisco De Asis 1 - 300, San Damián, Las Condes, RM (Metropolitana)",500.000,,"0,39 UF/m²","0,37 UF/m²",43 m²,36 m²,1,1,80000 CLP,1,1 años,,,
52,Amoblado - Inmediato Metro,Departamento,Publicado hace 29 días,2021-07-01,"Reyes Lavalle 3300 - 3600, Barrio El Golf, Las Condes, RM (Metropolitana)",720.000,,"0,2 UF/m²","0,27 UF/m²",120 m²,120 m²,3,2,,1,,,,
53,La Gloria 30 / Con Estacionamiento / Metro Escuela Militar,Departamento,Publicado hace 17 días,2021-07-01,"La Gloria 1 - 300, Metro Escuela Militar, Las Condes, RM (Metropolitana)",330.000,,"0,4 UF/m²","0,37 UF/m²",28 m²,28 m²,1,1,,1,,,,
54,Excelente Departamento ,Departamento,Publicado hace 29 días,2021-07-01,"Cerro Colorado 6000 - 6300, Parque Arauco, Las Condes, RM (Metropolitana)",1.250.000,,"0,43 UF/m²","0,33 UF/m²",97 m²,78 m²,2,2,120000 CLP,1,,,,
55,La Gloria / Apoquindo,Departamento,Publicado hace 29 días,2021-07-01,"La Gloria 1 - 300, Metro Escuela Militar, Las Condes, RM (Metropolitana)",430.000,,"0,37 UF/m²","0,37 UF/m²",39 m²,35 m²,1,1,70000 CLP,1,,,,
56,Departamento Amoblado Metro El Golf ,Departamento,Publicado hace 29 días,2021-07-01,"Enrique Foster 1 - 300, Barrio El Golf, Las Condes, RM (Metropolitana)",720.000,,"0,2 UF/m²","0,27 UF/m²",120 m²,106 m²,3,2,270000 CLP,1,,,,
57,Kennedy -parque Arauco Sin Muebles - Hermosa Vista Norte,Departamento,Publicado hace 29 días,2021-07-01,"Avenida Presidente Kennedy 5700 - 6000, Parque Arauco, Las Condes, RM (Metropolitana)",800.000,,"0,28 UF/m²","0,33 UF/m²",97 m²,82 m²,2,2,,1,,,,
58,Departamento En Arriendo Cercano A Metro Escuela Militar.-,Departamento,Publicado hace 29 días,2021-07-01,"Del Inca 4200 - 4500, Metro Escuela Militar, Las Condes, RM (Metropolitana)",680.000,,"0,27 UF/m²","0,33 UF/m²",85 m²,85 m²,2,2,,2,,,,
59,"Excelente Departamento Cerro Colorado , Las Condes",Departamento,Publicado hace 29 días,2021-07-01,"Cerro Colorado 6000 - 6300, Parque Arauco, Las Condes, RM (Metropolitana)",24,727.964,"0,32 UF/m²","0,33 UF/m²",75.42 m²,57.4 m²,2,2,115000 CLP,,,,,
60,Metro Alcantara,Departamento,Publicado hace 29 días,2021-07-01,"Burgos 1 - 300, Barrio El Golf, Las Condes, RM (Metropolitana)",1.200.000,,"0,17 UF/m²","0,23 UF/m²",232 m²,220 m²,3,2,,2,,,,
61,Edificio Fundadores / Excelente Estado / El Golf,Departamento,,2021-07-01,"Edificio Fundadores / Excelente Estado / El Golf, Barrio El Golf, Las Condes, RM (Metropolitana)",55,1.634.204,"0,39 UF/m²","0,28 UF/m²",140 m²,125 m²,3,3,,2,,,,
62,Departamento En Arriendo En Metro Manquehue.,Departamento,Publicado hace 29 días,2021-07-01,"Balmoral 1 - 300, Metro Manquehue - Apumanque, Las Condes, RM (Metropolitana)",1.250.000,,"0,2 UF/m²","0,26 UF/m²",214 m²,186 m²,4,3,200000 CLP,2,,,,
63,3 Dormitorios En Las Condes,Departamento,Publicado hace 28 días,2021-07-01,"Reyes Lavalle 3300 - 3600, Barrio El Golf, Las Condes, RM (Metropolitana)",720.000,,"0,26 UF/m²","0,29 UF/m²",93 m²,90 m²,3,2,225000 CLP,1,,,,
64,"Depto Nuevos Con Patio, Quincho",Departamento,Publicado hace 28 días,2021-07-01,"Depto Nuevos Con Patio, Quincho, San Damián, Las Condes, RM (Metropolitana)",130,3.862.664,6 UF/m²,,20 m²,220 m²,3,3,,,,,,
65,"Disponible Entrega Inmediata - 1er Piso, Un Clásico Del '1",Departamento,Publicado hace 28 días,2021-07-01,"Avenida Francisco Bilbao 4200 - 4500, Vaticano, Las Condes, RM (Metropolitana)",550.000,,"0,24 UF/m²","0,29 UF/m²",78 m²,78 m²,3,2,70000 CLP,1,54 años,,,
66,San Pascual 141 Metro Escuela Militar 1d 1b Est Bod,Departamento,Publicado hace 28 días,2021-07-01,"San Pascual 141, Metro Escuela Militar, Las Condes, RM (Metropolitana)",400.000,,"0,35 UF/m²","0,37 UF/m²",38 m²,38 m²,1,1,,1,,,,
67,Cercano Al Metro Escuela Militar,Departamento,Publicado hace 28 días,2021-07-01,"Málaga 1 - 300, Barrio El Golf, Las Condes, RM (Metropolitana)",550.000,,"0,47 UF/m²","0,37 UF/m²",39 m²,39 m²,1,1,80000 CLP,1,,,,
68,La Gloria 34,Departamento,Publicado hace 28 días,2021-07-01,"La Gloria 34, Metro Escuela Militar, Las Condes, RM (Metropolitana)",620.000,,"0,33 UF/m²","0,33 UF/m²",64 m²,64 m²,2,2,,1,,,,
69,Barrio El Golf - 3 Dor. 2 Est. Metro Alcántara Sin Ruido.,Departamento,Publicado hace 28 días,2021-07-01,"Callao 3600 - 3900, Barrio El Golf, Las Condes, RM (Metropolitana)",1.200.000,,"0,34 UF/m²","0,3 UF/m²",120 m²,100 m²,3,3,,2,,,,
70,Edificio Moderno Del Barrio El Golf - Metro Alcantara ,Departamento,Publicado hace 28 días,2021-07-01,"Callao 3600 - 3900, Barrio El Golf, Las Condes, RM (Metropolitana)",1.000.000,,"0,35 UF/m²","0,33 UF/m²",95 m²,80 m²,2,2,,1,,,,
71,Extraordinario Departamento Amoblado - Parque Arauco ,Departamento,Publicado hace 28 días,2021-07-01,"Avenida Manquehue Norte 900 - 1200, Parque Arauco, Las Condes, RM (Metropolitana)",800.000,,"0,27 UF/m²","0,33 UF/m²",100 m²,80 m²,2,2,,1,,,,
72,Callao / Gertrudis Echenique / Metro Alcantara / Las Condes,Departamento,Publicado hace 28 días,2021-07-01,"Callao 3600 - 3900, Barrio El Golf, Las Condes, RM (Metropolitana)",1.100.000,,"0,3 UF/m²","0,28 UF/m²",125 m²,110 m²,3,3,230000 CLP,1,,,,
73,Metro Escuela Militar,Departamento,Publicado hace 28 días,2021-07-01,"Evaristo Lillo 1 - 300, Metro Escuela Militar, Las Condes, RM (Metropolitana)",450.000,,"0,24 UF/m²","0,33 UF/m²",64 m²,64 m²,2,2,,1,,,,
74,Arriendo Departamento Amoblado Sector Bosque Norte,Departamento,Publicado hace 28 días,2021-07-01,"San Sebastian 2711, San Carlos de Apoquindo, Las Condes, RM (Metropolitana)",550.000,,"0,34 UF/m²","0,37 UF/m²",55 m²,47 m²,1,1,,,,,,
75,Estupenda Ubicación Los Militares  Rosario Norte / 3d 4b,Departamento,Publicado hace 28 días,2021-07-01,"Los Militares 5700 - 6000, Metro Manquehue - Apumanque, Las Condes, RM (Metropolitana)",1.390.000,,"0,25 UF/m²","0,24 UF/m²",184 m²,166 m²,3,4,250000 CLP,2,,,,
76,Ubicación Privilegiada Y Amplios Espacios,Departamento,Publicado hace 27 días,2021-07-01,"Avenida Las Condes 12600 - 12900, Mall Sport, Las Condes, RM (Metropolitana)",1.100.000,,"0,24 UF/m²","0,28 UF/m²",152 m²,135 m²,4,3,,2,,,,
77,Excelente Departamento Remodelado Y Vista Despejada,Departamento,Publicado hace 27 días,2021-07-01,"Cerro Colorado 6000 - 6300, Parque Arauco, Las Condes, RM (Metropolitana)",1.200.000,,"0,28 UF/m²","0,28 UF/m²",146 m²,140 m²,4,3,180000 CLP,2,12 años,,,
78,Departamento Equipado  Luminoso Amplio Seguro Tranquilo,Departamento,Publicado hace 27 días,2021-07-01,"Estocolmo 1 - 300, Metro Manquehue - Apumanque, Las Condes, RM (Metropolitana)",1.200.000,,"0,31 UF/m²","0,27 UF/m²",130 m²,120 m²,3,2,,1,,,,
79,Los Militares**estupenda Vista,Departamento,Publicado hace 27 días,2021-07-01,"Los Militares**estupenda Vista, Metro Escuela Militar, Las Condes, RM (Metropolitana)",900.000,,"0,28 UF/m²","0,29 UF/m²",110 m²,100 m²,3,2,,,,,,
80,Pontevedra/ Semi-nuevo/colon,Departamento,Publicado hace 27 días,2021-07-01,"Pontevedra 900 - 1200, Rotonda Atenas, Las Condes, RM (Metropolitana)",34,1.010.235,"0,23 UF/m²","0,28 UF/m²",145 m²,120 m²,3,3,,1,,,,
81,Excelente Departamento Duplex,Departamento,Publicado hace 27 días,2021-07-01,"Camino Piedra Roja 900 - 1200, Los Dominicos, Las Condes, RM (Metropolitana)",85,2.525.588,"0,34 UF/m²","0,26 UF/m²",249 m²,208 m²,3,3,500000 CLP,3,,,,
82,Parque Arauco / Cerro Colorado (3 Dorm. + Serv.) Piso Nuevo ,Departamento,Publicado hace 27 días,2021-07-01,"Cerro Colorado 4500 - 4800, Parque Arauco, Las Condes, RM (Metropolitana)",1.345.000,,"0,29 UF/m²","0,28 UF/m²",157 m²,145 m²,3,3,170000 CLP,2,,,,
83,Departamento Amoblado En Metro Manquehue.,Departamento,Publicado hace 27 días,2021-07-01,"Balmoral 1 - 300, Metro Manquehue - Apumanque, Las Condes, RM (Metropolitana)",3.000,2.183.280,"0,34 UF/m²","0,26 UF/m²",214 m²,186 m²,4,3,200000 CLP,2,,,,
84,Cerro Colorado / Av Presidente Kennedy / Las Condes,Departamento,Publicado hace 27 días,2021-07-01,"Cerro Colorado 6000 - 6300, Parque Arauco, Las Condes, RM (Metropolitana)",850.000,,"0,34 UF/m²","0,33 UF/m²",85 m²,75 m²,2,2,,1,,,,
85,"Cerro San Luis, Remodelado.",Departamento,Publicado hace 27 días,2021-07-01,"Cerro San Luis, Remodelado., Barrio El Golf, Las Condes, RM (Metropolitana)",38,1.129.086,"0,48 UF/m²","0,37 UF/m²",80 m²,70 m²,2,1,,,,,,
86,"Cerro San Luis, Remodelado.",Departamento,Publicado hace 27 días,2021-07-01,"Cerro San Luis, Remodelado., Barrio El Golf, Las Condes, RM (Metropolitana)",35,1.039.948,"0,49 UF/m²","0,37 UF/m²",72 m²,69 m²,2,1,,,,,,
87,"Cerro San Luis, Tour Virtual",Departamento,Publicado hace 27 días,2021-07-01,"Cerro San Luis, Tour Virtual, Barrio El Golf, Las Condes, RM (Metropolitana)",38,1.129.086,"0,48 UF/m²","0,37 UF/m²",80 m²,70 m²,2,1,,,,,,
88,"Remodelado, Cerro San Luis",Departamento,Publicado hace 27 días,2021-07-01,"Remodelado, Cerro San Luis, Barrio El Golf, Las Condes, RM (Metropolitana)",35,1.039.948,"0,49 UF/m²","0,37 UF/m²",72 m²,69 m²,2,1,,,,,,
89,"El Golf, Amoblado",Departamento,Publicado hace 27 días,2021-07-01,"El Golf, Amoblado, Barrio El Golf, Las Condes, RM (Metropolitana)",720.000,,"0,21 UF/m²","0,27 UF/m²",116 m²,110 m²,3,2,,,,,,
90,--- Rosario Sur -- Alonso De Cordova - Oportunidad,Departamento,Publicado hace 27 días,2021-07-01,"Rosario Sur 1 - 300, Metro Manquehue - Apumanque, Las Condes, RM (Metropolitana)",1.000.000,,"0,21 UF/m²","0,29 UF/m²",160 m²,140 m²,4,4,,1,,,,
91,Increible  Departamento De Concepto Abierto,Departamento,Publicado hace 27 días,2021-07-01,"California 2100 - 2400, Inés de Suárez, Providencia, RM (Metropolitana)",1.000.000,,"0,3 UF/m²","0,24 UF/m²",112.5 m²,106 m²,3,2,,1,,,,
92,Exclusivo Duplex-penthouse / Club De Golf,Departamento,,2021-07-01,"Exclusivo Duplex-penthouse / Club De Golf, Parque Arauco, Las Condes, RM (Metropolitana)",4.500.000,,"0,25 UF/m²",,600 m²,400 m²,2,3,,2,,,,
93,Excelente Departamento,Departamento,Publicado hace 26 días,2021-07-01,"El Golf 1 - 300, Barrio El Golf, Las Condes, RM (Metropolitana)",1.800.000,,"0,3 UF/m²","0,23 UF/m²",200 m²,160 m²,3,2,260000 CLP,2,,,,
94,Arriendo 3 Dormitorios Amoblado Parque Araucano Las Condes,Departamento,Publicado hace 26 días,2021-07-01,"Cerro Colorado 6000 - 6300, Parque Arauco, Las Condes, RM (Metropolitana)",1.400.000,,"0,3 UF/m²","0,28 UF/m²",158 m²,146 m²,3,3,200000 CLP,2,15 años,,,
95,Departamento De Lujo A Pasos De Parque Arauco - Amoblado ,Departamento,Publicado hace 26 días,2021-07-01,"Cerro Colorado 6000 - 6300, Parque Arauco, Las Condes, RM (Metropolitana)",1.550.000,,"0,44 UF/m²","0,35 UF/m²",118 m²,95 m²,2,2,,1,,,,
96,Excelente Amoblado - Escuela Militar / Omnium,Departamento,Publicado hace 26 días,2021-07-01,"La Castellana Norte 1 - 300, Metro Escuela Militar, Las Condes, RM (Metropolitana)",790.000,,"0,32 UF/m²","0,33 UF/m²",82 m²,72 m²,2,2,118000 CLP,1,,,,
97,"Gran Departamento Familiar, Impecable Y Marcada",Departamento,Publicado hace 26 días,2021-07-01,"Hamlet 4200 - 4500, Metro Escuela Militar, Las Condes, RM (Metropolitana)",1.750.000,,"0,22 UF/m²","0,24 UF/m²",270 m²,220 m²,5,4,400000 CLP,3,,,,
98,Luminoso Departamento,Departamento,Publicado hace 26 días,2021-07-01,"Las Condes 14100 - 14400, San Carlos de Apoquindo, Las Condes, RM (Metropolitana)",17,531.562,"0,29 UF/m²","0,37 UF/m²",62 m²,53 m²,2,1,90000 CLP,1,,,,
99,Estoril / Clínica Las Condes / Lo Fontecilla,Departamento,Publicado hace 26 días,2021-07-01,"Avenida Las Condes 10200 - 10500, Estoril, Las Condes, RM (Metropolitana)",28,831.958,"0,31 UF/m²","0,33 UF/m²",89 m²,75 m²,2,2,120000 CLP,2,,,,
100,Departamento Equipado En El Barrio El Golf,Departamento,Publicado hace 26 días,2021-07-01,"Napoleón 3000 - 3300, Barrio El Golf, Las Condes, RM (Metropolitana)",20,601.684,"0,37 UF/m²",,55 m²,55 m²,1,1,110000 CLP,1,,,,
101,A Dos Cuadras Metro Manquehue,Departamento,Publicado hace 26 días,2021-07-01,"Escandinavia 1 - 300, Metro Manquehue - Apumanque, Las Condes, RM (Metropolitana)",600.000,,"0,3 UF/m²","0,33 UF/m²",68 m²,62 m²,2,2,,1,,,,
102,Hermoso Departamento Totalmente Amoblado ,Departamento,Publicado hace 26 días,2021-07-01,"Cerro Colorado 6000 - 6300, Parque Arauco, Las Condes, RM (Metropolitana)",650.000,,"0,38 UF/m²","0,37 UF/m²",57 m²,50 m²,1,1,90000 CLP,1,,,,
103,Hermoso  Estudio Con Vista A La Cordillera,Departamento,Publicado hace 26 días,2021-07-01,"Manquehue Norte 966, San Carlos de Apoquindo, Las Condes, RM (Metropolitana)",580.000,,"0,39 UF/m²","0,37 UF/m²",50 m²,43 m²,1,1,,1,,,,
104,Hermoso Departamento A  Con Vista A La Cordillera Nororiente,Departamento,Publicado hace 26 días,2021-07-01,"Avenida Manquehue Norte 900 - 1200, Parque Arauco, Las Condes, RM (Metropolitana)",1.000.000,,"0,39 UF/m²","0,33 UF/m²",87 m²,69 m²,2,2,150000 CLP,2,,,,
105,"Hermoso Departamento Totalmente Amoblado , Torres De Bersa",Departamento,Publicado hace 26 días,2021-07-01,"Cerro Colorado 6000 - 6300, Parque Arauco, Las Condes, RM (Metropolitana)",29,861.671,"0,39 UF/m²","0,33 UF/m²",74 m²,65 m²,2,2,,1,,,,
106,Hermoso Departamento A Estrenar Y Amoblado En Torre Nk ,Departamento,Publicado hace 26 días,2021-07-01,"Avenida Manquehue Norte 966, Parque Arauco, Las Condes, RM (Metropolitana)",700.000,,"0,45 UF/m²","0,37 UF/m²",52 m²,45 m²,1,1,,1,,,,
107,Incluye Bodega / Amoblado / Metro El Golf ,Departamento,Publicado hace 25 días,2021-07-01,"Augusto Leguía Sur 1 - 300, Barrio El Golf, Las Condes, RM (Metropolitana)",420.000,,"0,35 UF/m²","0,37 UF/m²",40 m²,40 m²,1,1,,,,,,
108,Departamento Con Opción De Amoblado ,Departamento,Publicado hace 2 días,2021-07-01,"Magdalena 222 - Departamento 1 - 300, Barrio El Golf, Las Condes, RM (Metropolitana)",920.000,,"0,18 UF/m²",,170 m²,140 m²,2,2,300000 CLP,1,,,,
109,Departamento En Barrio El Golf ,Departamento,Publicado hace 2 días,2021-07-01,"Luz 2700 - 3000, Centro Financiero, Las Condes, RM (Metropolitana)",970.000,,"0,18 UF/m²","0,23 UF/m²",177 m²,170 m²,3,2,240000 CLP,2,,,,
110,"Excelente Ubicacion Y Conectividad, Sector Residencial.",Departamento,Publicado hace 25 días,2021-07-01,"Noruega 6300 - 6600, Metro Manquehue - Apumanque, Las Condes, RM (Metropolitana)",1.000.000,,"0,24 UF/m²","0,28 UF/m²",140 m²,120 m²,3,3,,2,,,,
111,"Amoblado, Metro Escuela Militar, Hamlet, El Dante, Riesco",Departamento,Publicado hace 25 días,2021-07-01,"Hamlet 3900 - 4200, Metro Escuela Militar, Las Condes, RM (Metropolitana)",530.000,,"0,4 UF/m²","0,37 UF/m²",45 m²,45 m²,1,1,,1,,,,
112,"Departamento Excelente Ubicación, A Pasos Del Metro",Departamento,Publicado hace 25 días,2021-07-01,"Félix De Amesti 94, Metro Escuela Militar, Las Condes, RM (Metropolitana)",360.000,,"0,29 UF/m²","0,37 UF/m²",42 m²,42 m²,1,1,100000 CLP,1,,,,
113,Moderno Departamento Entre La Dehesa Y Las Condes,Departamento,Publicado hace 24 días,2021-07-01,"Avenida Las Condes 12900 - 13200, Puente Nuevo, Lo Barnechea, RM (Metropolitana)",23,683.394,"0,34 UF/m²","0,31 UF/m²",68 m²,65 m²,2,2,230000 CLP,1,,,,
114,Av. Cristobal Colon ,Departamento,Publicado hace 24 días,2021-07-01,"Avenida Cristóbal Colón 3000 - 3300, Vaticano, Las Condes, RM (Metropolitana)",715.000,,"0,21 UF/m²","0,28 UF/m²",115 m²,110 m²,3,3,,1,,,,
115,Excelente Departamento A Pasos De Metro Escuela Militar,Departamento,Publicado hace 24 días,2021-07-01,"Neveria 4524 - Departamento 1 - 300, Metro Escuela Militar, Las Condes, RM (Metropolitana)",390.000,,"0,33 UF/m²","0,37 UF/m²",40 m²,40 m²,1,1,,1,,,,
116,Amplio Amoblado / Impecable / Sector Nueva Las Condes,Departamento,Publicado hace 24 días,2021-07-01,"Estocolmo 300 - 600, Metro Manquehue - Apumanque, Las Condes, RM (Metropolitana)",1.200.000,,"0,31 UF/m²","0,27 UF/m²",130 m²,120 m²,3,2,,1,,,,
117,Fabuloso Depratmento Full Amoblado Y Equipado,Departamento,Publicado hace 24 días,2021-07-01,"Avenida Presidente Riesco O, Barrio El Golf, Las Condes, RM (Metropolitana)",850.000,,"0,34 UF/m²","0,33 UF/m²",85 m²,70 m²,2,2,,1,,,,
118,Departamento  En Condominio En Las Condes  ,Departamento,Publicado hace 24 días,2021-07-01,"Avenida Cristóbal Colón 6900 - 7200, Rotonda Atenas, Las Condes, RM (Metropolitana)",600.000,,"0,22 UF/m²","0,29 UF/m²",90 m²,83 m²,3,2,100000 CLP,1,,,,
119,Cerca Metro Alcántara,Departamento,Publicado hace 24 días,2021-07-01,"Alsacia 1 - 300, Barrio El Golf, Las Condes, RM (Metropolitana)",1.600.000,,"0,3 UF/m²","0,24 UF/m²",180 m²,160 m²,4,4,,2,,,,
120,Cerca Metro El Golf,Departamento,Publicado hace 24 días,2021-07-01,"Callao 3000 - 3300, Barrio El Golf, Las Condes, RM (Metropolitana)",800.000,,"0,35 UF/m²","0,33 UF/m²",76 m²,70 m²,2,2,120000 CLP,1,,,,
121,Cerca Metro Alcántara,Departamento,Publicado hace 24 días,2021-07-01,"Callao 3600 - 3900, Barrio El Golf, Las Condes, RM (Metropolitana)",2.100.000,,"0,39 UF/m²","0,26 UF/m²",180 m²,160 m²,4,3,200000 CLP,1,,,,
122,Cerca Metro Alcántara,Departamento,Publicado hace 24 días,2021-07-01,"Callao 3600 - 3900, Barrio El Golf, Las Condes, RM (Metropolitana)",750.000,,"0,34 UF/m²","0,32 UF/m²",75 m²,75 m²,1,1,120000 CLP,1,,,,
123,Cerca Metro Alcántara,Departamento,Publicado hace 24 días,2021-07-01,"Hamlet 3900 - 4200, Barrio El Golf, Las Condes, RM (Metropolitana)",600.000,,"0,35 UF/m²","0,37 UF/m²",58 m²,50 m²,1,1,90000 CLP,1,,,,
124,Cerca Metro Alcántara,Departamento,Publicado hace 24 días,2021-07-01,"Hamlet 3900 - 4200, Barrio El Golf, Las Condes, RM (Metropolitana)",600.000,,"0,35 UF/m²","0,37 UF/m²",57 m²,50 m²,1,1,85000 CLP,1,,,,
125,Cerca Metro Alcántara,Departamento,Publicado hace 24 días,2021-07-01,"La Gioconda 4200 - 4500, Metro Escuela Militar, Las Condes, RM (Metropolitana)",2.500.000,,"0,48 UF/m²","0,24 UF/m²",175 m²,160 m²,3,4,200000 CLP,1,,,,
126,Alsacia / Barrio El Golf / Las Torcazas / Las Condes,Departamento,Publicado hace 24 días,2021-07-01,"Alsacia 1 - 300, Barrio El Golf, Las Condes, RM (Metropolitana)",16,475.405,"0,38 UF/m²","0,37 UF/m²",42 m²,42 m²,1,1,78000 CLP,1,,,,
127,"Depto A Pasos Escuela Militar, Plazas Y Servicios",Departamento,Publicado hace 24 días,2021-07-01,"Félix De Amesti 300 - 600, Metro Escuela Militar, Las Condes, RM (Metropolitana)",700.000,,"0,3 UF/m²","0,33 UF/m²",79 m²,72 m²,2,2,,1,,,,
128,Metro Alcantara,Departamento,Publicado hace 20 días,2021-07-01,"San Francisco De Asís 1 - 300, San Damián, Las Condes, RM (Metropolitana)",580.000,,"0,51 UF/m²","0,37 UF/m²",38 m²,38 m²,1,1,,1,,,,
129,Cerca Metro Alcántara,Departamento,Publicado hace 24 días,2021-07-01,"Las Torcazas 1 - 300, Barrio El Golf, Las Condes, RM (Metropolitana)",1.200.000,,"0,35 UF/m²","0,28 UF/m²",115 m²,115 m²,3,3,200000 CLP,1,,,,
130,Alsacia/apoquindo,Departamento,Publicado hace 24 días,2021-07-01,"Alsacia 1 - 300, Barrio El Golf, Las Condes, RM (Metropolitana)",950.000,,"0,18 UF/m²",,180 m²,180 m²,2,2,,2,,,,
131,Luz - Isidora Goyenechea,Departamento,Publicado hace 24 días,2021-07-01,"Luz 2700 - 3000, Centro Financiero, Las Condes, RM (Metropolitana)",580.000,,"0,33 UF/m²","0,41 UF/m²",60 m²,55 m²,2,2,,1,,,,
132,Cerca Metro Alcántara,Departamento,Publicado hace 24 días,2021-07-01,"San Francisco De Asís 1 - 300, Barrio El Golf, Las Condes, RM (Metropolitana)",600.000,,"0,35 UF/m²","0,37 UF/m²",58 m²,50 m²,1,1,100000 CLP,1,,,,
133,Amplio Departamento Con Vista A Jardines Estadio Español,Departamento,Publicado hace 24 días,2021-07-01,"Neveria 4800 - 5100, Metro Escuela Militar, Las Condes, RM (Metropolitana)",33,980.522,"0,21 UF/m²","0,28 UF/m²",160 m²,140 m²,3,3,,2,,,,
134,Avenida Presidente Riesco / Augusto Leguia / Barrio El Golf,Departamento,Publicado hace 24 días,2021-07-01,"Avenida Presidente Riesco 3000 - 3300, Barrio El Golf, Las Condes, RM (Metropolitana)",850.000,,"0,37 UF/m²","0,33 UF/m²",78 m²,70 m²,2,2,,2,,,,
135, Depto  Metro El Golf,Departamento,Publicado hace 24 días,2021-07-01,"Napoleón 3000 - 3300, Barrio El Golf, Las Condes, RM (Metropolitana)",500.000,,"0,37 UF/m²","0,37 UF/m²",45 m²,45 m²,1,1,100000 CLP,1,,,,
136,"Residencial, A Pasos Del Metro El Golf",Departamento,Publicado hace 24 días,2021-07-01,"Callao 3300 - 3600, Barrio El Golf, Las Condes, RM (Metropolitana)",1.250.000,,"0,26 UF/m²","0,26 UF/m²",165 m²,140 m²,4,3,,1,,,,
137,Arriendo Amoblado Full  Sector El Golf Residencial,Departamento,Publicado hace 24 días,2021-07-01,"Callao 3300 - 3600, Barrio El Golf, Las Condes, RM (Metropolitana)",1.500.000,,"0,31 UF/m²","0,26 UF/m²",165 m²,140 m²,4,3,,1,,,,
138,Vista Parque Araucano,Departamento,Publicado hace 24 días,2021-07-01,"Cerro Colorado 6000 - 6300, Parque Arauco, Las Condes, RM (Metropolitana)",53,1.589.635,"0,47 UF/m²","0,35 UF/m²",113 m²,90 m²,2,2,,1,,,,
139,Se Arrienda Dpto. A Pasos Colegio P. Hurtado Y J. Andes,Departamento,Publicado hace 24 días,2021-07-01,"Carlos Peña Otaegui 11700 - 12000, San Carlos de Apoquindo, Las Condes, RM (Metropolitana)",1.200.000,,"0,29 UF/m²","0,28 UF/m²",141 m²,127 m²,3,3,,2,,,,
140,Vista Parque Araucano,Departamento,Publicado hace 24 días,2021-07-01,"Cerro Colorado 6000 - 6300, Parque Arauco, Las Condes, RM (Metropolitana)",43,1.280.622,"0,44 UF/m²","0,33 UF/m²",97 m²,78 m²,2,2,120000 CLP,1,,,,
141,Av.kennedy /. Av. Manquehue,Departamento,Publicado hace 24 días,2021-07-01,"Avenida Presidente Kennedy 5700 - 6000, Parque Arauco, Las Condes, RM (Metropolitana)",799.000,,"0,31 UF/m²","0,33 UF/m²",87 m²,78 m²,2,2,120000 CLP,1,,,,
142,Amoblado/ A Un Paso De Clínica Alemana/ Parque Arauco,Departamento,Publicado hace 24 días,2021-07-01,"Avenida Manquehue Norte 900 - 1200, Parque Arauco, Las Condes, RM (Metropolitana)",650.000,,"0,45 UF/m²","0,37 UF/m²",49 m²,41 m²,1,1,,1,,,,
143,Amoblado/ A Un Paso De Clínica Alemana/ Parque Arauco,Departamento,Publicado hace 24 días,2021-07-01,"Avenida Manquehue Norte 900 - 1200, Parque Arauco, Las Condes, RM (Metropolitana)",650.000,,"0,45 UF/m²","0,37 UF/m²",49 m²,41 m²,1,1,,1,,,,
144,Amoblado/ A Un Paso De Clínica Alemana/ Parque Arauco,Departamento,Publicado hace 24 días,2021-07-01,"Avenida Manquehue Norte 900 - 1200, Parque Arauco, Las Condes, RM (Metropolitana)",650.000,,"0,45 UF/m²","0,37 UF/m²",49 m²,41 m²,1,1,,1,,,,
145,"Cercano A Metro Escuela Militar, Cocina Tradicional  Full",Departamento,Publicado hace 24 días,2021-07-01,"Orinoco 1 - 300, Metro Escuela Militar, Las Condes, RM (Metropolitana)",690.000,,"0,27 UF/m²","0,33 UF/m²",86 m²,80 m²,2,2,,1,,,,
146,Hermoso Departamento Amoblado Cerca Parque Araucano,Departamento,Publicado hace 23 días,2021-07-01,"Avenida Manquehue Norte 900 - 1200, Parque Arauco, Las Condes, RM (Metropolitana)",780.000,,"0,48 UF/m²",,55 m²,55 m²,1,1,70000 CLP,1,,,,
147,Lindo Departamento Tipo Estudio Amoblado ,Departamento,Publicado hace 23 días,2021-07-01,"Puerta Del Sol 1 - 300, Metro Escuela Militar, Las Condes, RM (Metropolitana)",650.000,,"0,55 UF/m²","0,37 UF/m²",40 m²,40 m²,1,1,,,,,,
148,Departamento Maravilloso Loft ,Departamento,Publicado hace 23 días,2021-07-01,"Avenida Presidente Riesco 3600 - 3900, Barrio El Golf, Las Condes, RM (Metropolitana)",980.000,,"0,46 UF/m²","0,43 UF/m²",72 m²,72 m²,1,2,230000 CLP,1,,,,
149,Hermoso Departamento A Pasos Metro Manquehue ,Departamento,Publicado hace 23 días,2021-07-01,"Avenida Apoquindo 6300 - 6600, Metro Manquehue - Apumanque, Las Condes, RM (Metropolitana)",15,460.548,"0,52 UF/m²","0,37 UF/m²",30 m²,28 m²,1,1,,1,,,,
150,Hermoso Departamento Cerca Del Metro Alcantara,Departamento,Publicado hace 23 días,2021-07-01,"Callao 3600 - 3900, Barrio El Golf, Las Condes, RM (Metropolitana)",1.200.000,,"0,34 UF/m²","0,3 UF/m²",120 m²,100 m²,3,3,,2,,,,
151,Departamento Cercano A Metro Escuela Militar,Departamento,Publicado hace 23 días,2021-07-01,"San Pascual 144, Metro Escuela Militar, Las Condes, RM (Metropolitana)",350.000,,"0,29 UF/m²","0,37 UF/m²",40 m²,40 m²,1,1,,1,,,,
152,Se Arrienda Departamento Cercano A Metro Cristobal Colon,Departamento,Publicado hace 23 días,2021-07-01,"Avenida Cristóbal Colón 3600 - 3900, Las Lilas, Providencia, RM (Metropolitana)",550.000,,"0,26 UF/m²","0,28 UF/m²",70 m²,66 m²,2,2,90000 CLP,1,,,,
153,Piacenza Colon,Departamento,Publicado hace 23 días,2021-07-01,"Piacenza 900 - 1200, Rotonda Atenas, Las Condes, RM (Metropolitana)",980.000,,"0,24 UF/m²","0,27 UF/m²",138 m²,120 m²,3,2,210000 CLP,2,,,,
154,Escandinavia 177 Depto 1d+:1b (est+bod),Departamento,Publicado hace 23 días,2021-07-01,"Escandinavia 177 - Departamento 300 - 600, San Carlos de Apoquindo, Las Condes, RM (Metropolitana)",430.000,,"0,34 UF/m²","0,37 UF/m²",43 m²,43 m²,1,1,,1,,,,
155,Arriendo El Golf - Tour Virtual!!,Departamento,Publicado hace 23 días,2021-07-01,"Arriendo El Golf - Tour Virtual!!, Barrio El Golf, Las Condes, RM (Metropolitana)",800.000,,"0,24 UF/m²","0,3 UF/m²",111 m²,100 m²,3,3,,,,,,
156,Acogedor / Un Dormitorio-el Golf,Departamento,Publicado hace 23 días,2021-07-01,"Acogedor / Un Dormitorio-el Golf, Barrio El Golf, Las Condes, RM (Metropolitana)",550.000,,"0,39 UF/m²","0,37 UF/m²",47 m²,47 m²,1,1,,,,,,
157,Estocolmo Colegio Sek Amoblado,Departamento,Publicado hace 23 días,2021-07-01,"Estocolmo 300 - 600, Metro Manquehue - Apumanque, Las Condes, RM (Metropolitana)",1.200.000,,"0,3 UF/m²","0,28 UF/m²",136 m²,130 m²,3,3,,1,,,,
158,Oportunidad 1 Dorm Vista Despejada - Sin Comisión ,Departamento,Publicado hace 23 días,2021-07-01,"Avenida Las Condes 12300 - 12600, Mall Sport, Las Condes, RM (Metropolitana)",20,594.256,"0,36 UF/m²","0,37 UF/m²",54.93 m²,43.83 m²,1,1,,1,,,,
159,Hermanos Cabot - Gerónimo De Alderete,Departamento,Publicado hace 23 días,2021-07-01,"Hermanos Cabot 4500 - 4800, Parque Arauco, Las Condes, RM (Metropolitana)",1.350.000,,"0,28 UF/m²","0,24 UF/m²",160 m²,160 m²,3,3,,2,,,,
160,Excelente Departamento Duplex - El Golf,Departamento,Publicado hace 21 días,2021-07-01,"Presidente Riesco 4200 - 4500, Barrio El Golf, Las Condes, RM (Metropolitana)",120,3.565.536,"0,35 UF/m²","0,23 UF/m²",340 m²,280 m²,3,2,670000 CLP,3,,,,
161,"Vespucio Sur, ",Departamento,Publicado hace 22 días,2021-07-01,"Avenida Américo Vespucio Sur 1835, Vaticano, Las Condes, RM (Metropolitana)",450.000,,"0,26 UF/m²",,59 m²,57 m²,2,1,,1,,,,
162,Estupendo Departamento,Departamento,Publicado hace 22 días,2021-07-01,"Hamlet 4200 - 4500, Metro Escuela Militar, Las Condes, RM (Metropolitana)",430.000,,"0,32 UF/m²","0,37 UF/m²",45 m²,42 m²,1,1,,1,,,,
163,Tomás Moro 1075 3 Dormitorios 2 Baños ,Departamento,Publicado hace 22 días,2021-07-01,"Tomás Moro 1075, Rotonda Atenas, Las Condes, RM (Metropolitana)",850.000,,"0,24 UF/m²","0,27 UF/m²",120 m²,120 m²,3,2,150000 CLP,2,,1,,
164,Departamento Con Luz Natural A Pasos Del Metro,Departamento,Publicado hace 22 días,2021-07-01,"Las Torcazas 70 - Departamento 82, Barrio El Golf, Las Condes, RM (Metropolitana)",960.000,,"0,27 UF/m²","0,27 UF/m²",120 m²,120 m²,3,2,,2,,,,
165,Excelente Departamento,Departamento,Publicado hace 22 días,2021-07-01,"Alcántara 1 - 300, Barrio El Golf, Las Condes, RM (Metropolitana)",800.000,,"0,35 UF/m²","0,33 UF/m²",78 m²,70 m²,2,2,100000 CLP,1,,,,
166,Cómodo Departamento En Sector Mall Sport,Departamento,Publicado hace 22 días,2021-07-01,"La Cabaña 1 - 300, Mall Sport, Las Condes, RM (Metropolitana)",460.000,,"0,34 UF/m²","0,37 UF/m²",45 m²,43 m²,1,1,,1,,,,
167,Departamento Con Vista Despejada ,Departamento,Publicado hace 22 días,2021-07-01,"Avenida Presidente Riesco 3000 - 3300, Barrio El Golf, Las Condes, RM (Metropolitana)",1.400.000,,"0,43 UF/m²","0,43 UF/m²",109 m²,89 m²,1,2,,2,,,,
168,Arriendo Departamento Por Dias,Departamento,Publicado hace 22 días,2021-07-01,"Avenida Apoquindo 6300 - 6600, Metro Manquehue - Apumanque, Las Condes, RM (Metropolitana)",45.000,,"0,03 UF/m²","0,37 UF/m²",45 m²,45 m²,1,1,,1,,,,
169,Muy Luminoso,Departamento,Publicado hace 22 días,2021-07-01,"San Francisco De Asís 1 - 300, Barrio El Golf, Las Condes, RM (Metropolitana)",580.000,,"0,42 UF/m²","0,37 UF/m²",47 m²,42 m²,1,1,75000 CLP,1,,,,
170,Incluye Estacionamiento Y Bodega / Metro Los Dominicos  ,Departamento,Publicado hace 22 días,2021-07-01,"Valdepeñas 1 - 300, Los Dominicos, Las Condes, RM (Metropolitana)",540.000,,"0,38 UF/m²","0,37 UF/m²",48 m²,48 m²,1,1,,1,,,,
171,San Sebastián 2966 - Departamento 31,Departamento,Publicado hace 22 días,2021-07-01,"San Sebastián 2966 - Departamento 31, Barrio El Golf, Las Condes, RM (Metropolitana)",960.000,,"0,19 UF/m²","0,28 UF/m²",174 m²,148 m²,4,4,300000 CLP,2,30 años,1,,
172,"Arriendo Maravilloso Departamento, Nuevo, Kennedy - Las Cond",Departamento,Publicado hace 22 días,2021-07-01,"Avenida Manquehue Norte 966, Parque Arauco, Las Condes, RM (Metropolitana)",610.000,,"0,39 UF/m²","0,37 UF/m²",52 m²,42 m²,1,1,,1,,,,
173,"Departamento Al Lado Metro Alcántara, Excelente Ubicación.",Departamento,Publicado hace 22 días,2021-07-01,"Las Torcazas 1 - 300, Barrio El Golf, Las Condes, RM (Metropolitana)",21,623.969,"0,25 UF/m²","0,33 UF/m²",85 m²,68 m²,2,2,190000 CLP,1,,,,
174,Lindo Departamento Amoblado,Departamento,Publicado hace 22 días,2021-07-01,"Hamlet 3900 - 4200, Barrio El Golf, Las Condes, RM (Metropolitana)",19,564.543,"0,42 UF/m²","0,37 UF/m²",45 m²,45 m²,1,1,90000 CLP,1,,,,
175,"Sanchez Fontecila/cerca Metro Colón, Estac, Bodega Y",Departamento,Publicado hace 22 días,2021-07-01,"La Niña 3000 - 3300, Vaticano, Las Condes, RM (Metropolitana)",630.000,,"0,29 UF/m²","0,33 UF/m²",73 m²,70 m²,2,2,,1,,,,
176,Escandinavia - Edficio Moderno - Amoblado De Primer Nivel!,Departamento,Publicado hace 22 días,2021-07-01,"Escandinavia 300 - 600, Metro Manquehue - Apumanque, Las Condes, RM (Metropolitana)",2.200.000,,"0,39 UF/m²","0,26 UF/m²",190 m²,175 m²,4,3,,2,,,,
177,Departamento Con Lindas Vistas A Parques Y Cercano A Metro,Departamento,Publicado hace 22 días,2021-07-01,"Presidente Errázuriz 4383 - Departamento 1200 - 1500, Barrio El Golf, Las Condes, RM (Metropolitana)",650.000,,"0,27 UF/m²","0,33 UF/m²",80 m²,80 m²,2,2,140000 CLP,1,,,,
178,"Excelente Departamento, Las Condes ",Departamento,Publicado hace 22 días,2021-07-01,"Kennedy 7447, San Carlos de Apoquindo, Las Condes, RM (Metropolitana)",1.000.000,,"0,2 UF/m²","0,24 UF/m²",165 m²,160 m²,4,4,200000 CLP,2,,,,
179,Colegio Alemán-plaza Brasilia,Departamento,Publicado hace 21 días,2021-07-01,"Avenida Presidente Kennedy 6300 - 6600, Parque Arauco, Las Condes, RM (Metropolitana)",1.950.000,,"0,24 UF/m²","0,26 UF/m²",271 m²,210 m²,4,3,,2,,,,
180,Arriendo Acogedor Depto. En El Golf,Departamento,Publicado hace 21 días,2021-07-01,"Avenida Presidente Riesco 2700 - 3000, Barrio El Golf, Las Condes, RM (Metropolitana)",14,425.784,"0,41 UF/m²","0,37 UF/m²",35 m²,35 m²,1,1,,1,,,,
181,"El Golf. Gran Departamento, Finas Terminaciones.",Departamento,Publicado hace 21 días,2021-07-01,"Alsacia 1 - 300, Barrio El Golf, Las Condes, RM (Metropolitana)",1.200.000,,"0,25 UF/m²","0,29 UF/m²",160 m²,140 m²,4,4,,2,,,,
182,Estupendo Depto 2 Dorm Jumbo Bilbao,Departamento,Publicado hace 21 días,2021-07-01,"Felipe Ii 4200 - 4500, Vaticano, Las Condes, RM (Metropolitana)",800.000,,"0,21 UF/m²","0,29 UF/m²",127 m²,109 m²,2,3,150000 CLP,1,,,,
183,"Excelente Departamento, Vespucio Sur/bilbao",Departamento,Publicado hace 21 días,2021-07-01,"Avenida Américo Vespucio Sur 1800 - 2100, Vaticano, Las Condes, RM (Metropolitana)",460.000,,"0,25 UF/m²","0,37 UF/m²",61 m²,56 m²,2,1,90000 CLP,1,,,,
184,"Departamento Metro Alcántara, 2 Dormitorios",Departamento,Publicado hace 21 días,2021-07-01,"Alcántara 1 - 300, Barrio El Golf, Las Condes, RM (Metropolitana)",800.000,,"0,36 UF/m²","0,33 UF/m²",75 m²,70 m²,2,2,130000 CLP,1,,,,
185,"Amplio, Vista Despejada, Disponible Agosto",Departamento,Publicado hace 21 días,2021-07-01,"Avenida Presidente Kennedy 1 - 300, Parque Arauco, Las Condes, RM (Metropolitana)",23,683.394,"0,34 UF/m²","0,33 UF/m²",68 m²,58 m²,2,2,100000 CLP,1,,,,
186,Departamento Amoblado En Sector Empresarial Cerro El Plomo,Departamento,Publicado hace 21 días,2021-07-01,"Los Militares 5700 - 6000, Metro Manquehue - Apumanque, Las Condes, RM (Metropolitana)",1.800.000,,"0,33 UF/m²","0,28 UF/m²",184 m²,150 m²,4,4,,2,,,,
187,Departamento De Lujo Ubicado En Exclusivo Barrio El Golf,Departamento,Publicado hace 21 días,2021-07-01,"Gertrudis Echenique 165 - Departamento 1 - 300, San Carlos de Apoquindo, Las Condes, RM (Metropolitana)",2.685.000,,"0,27 UF/m²","0,24 UF/m²",340 m²,290 m²,5,5,,3,,,,
188,"Arriendo, Tres Dormitorios, Amplia Terraza. Metro Tobalaba",Departamento,Publicado hace 21 días,2021-07-01,"San Sebastián 2700 - 3000, Centro Financiero, Las Condes, RM (Metropolitana)",730.000,,"0,2 UF/m²","0,27 UF/m²",120 m²,110 m²,3,2,,1,,,,
189,"Barrio El Golf, Metro Tobalaba",Departamento,Publicado hace 21 días,2021-07-01,"Luz 2700 - 3000, Centro Financiero, Las Condes, RM (Metropolitana)",620.000,,"0,23 UF/m²","0,29 UF/m²",92 m²,85 m²,3,2,,1,,,,
190,Amplio Y Luminoso Loft En Exclusivo Barrio El Golf,Departamento,Publicado hace 21 días,2021-07-01,"Carmencita 262, Barrio El Golf, Las Condes, RM (Metropolitana)",690.000,,"0,3 UF/m²","0,33 UF/m²",77 m²,77 m²,2,2,,1,,,,
191,Depto 2d+2b+1e Amoblado / El Golf,Departamento,Publicado hace 21 días,2021-07-01,"San Sebastián 2700 - 3000, Centro Financiero, Las Condes, RM (Metropolitana)",22,653.682,"0,39 UF/m²","0,38 UF/m²",57 m²,49 m²,2,2,,1,,,,
192,Depto 2d+2b+1e Amoblado / El Golf,Departamento,Publicado hace 21 días,2021-07-01,"San Sebastián 2700 - 3000, Centro Financiero, Las Condes, RM (Metropolitana)",640.000,,"0,38 UF/m²","0,38 UF/m²",57 m²,49 m²,2,2,,1,,,,
193,Metro Tobalaba,Departamento,Publicado hace 21 días,2021-07-01,"Callao 2700 - 3000, Barrio El Golf, Las Condes, RM (Metropolitana)",450.000,,"0,28 UF/m²",,55 m²,55 m²,1,1,62000 CLP,1,,,,
194,1 Departamento Por Piso / Metro El Golf /opcion Amoblado,Departamento,Publicado hace 21 días,2021-07-01,"Callao 3300 - 3600, Barrio El Golf, Las Condes, RM (Metropolitana)",1.300.000,,"0,27 UF/m²","0,26 UF/m²",165 m²,140 m²,4,3,,1,,,,
195,Incluye Bodega / Amoblado / Metro El Golf ,Departamento,Publicado hace 21 días,2021-07-01,"Augusto Leguía Sur 1 - 300, Barrio El Golf, Las Condes, RM (Metropolitana)",420.000,,"0,35 UF/m²","0,37 UF/m²",40 m²,40 m²,1,1,,,,,,
196,Plaza Peru/don Carlos/el Golf,Departamento,Publicado hace 21 días,2021-07-01,"Don Carlos 10 - Departamento 99, Barrio El Golf, Las Condes, RM (Metropolitana)",410.000,,"0,31 UF/m²","0,37 UF/m²",45 m²,45 m²,1,1,90000 CLP,,,,,
197,Gran Departamento Excelente Ubicación,Departamento,Publicado hace 21 días,2021-07-01,"Paul Harris 900 - 1200, Los Dominicos, Las Condes, RM (Metropolitana)",625.000,,"0,28 UF/m²","0,29 UF/m²",75 m²,75 m²,3,2,70000 CLP,1,,,,
198,Americo Vespucio - Escuela Militar,Departamento,Publicado hace 20 días,2021-07-01,"Americo Vespucio - Escuela Militar, Metro Escuela Militar, Las Condes, RM (Metropolitana)",390.000,,"0,29 UF/m²","0,37 UF/m²",45 m²,45 m²,1,1,,,,,,
199,Escuela Militar - El Trovador - Americo,Departamento,Publicado hace 20 días,2021-07-01,"Escuela Militar - El Trovador - Americo, Metro Escuela Militar, Las Condes, RM (Metropolitana)",435.000,,0 UF/m²,,,40 m²,1,1,,,,,,
200,Espacioso Y Cómodo Departamento ,Departamento,Publicado hace 16 días,2021-07-01,"Gustavo V 000, Metro Manquehue - Apumanque, Las Condes, RM (Metropolitana)",1.500.000,,"0,3 UF/m²","0,26 UF/m²",170 m²,139 m²,4,3,,2,,,,
201,Cerca Metro Alcántara,Departamento,Publicado hace 20 días,2021-07-01,"Callao 3600 - 3900, Barrio El Golf, Las Condes, RM (Metropolitana)",1.200.000,,"0,4 UF/m²","0,33 UF/m²",100 m²,90 m²,2,2,180000 CLP,1,,,,
202,"Excelente Ubicación, A Pasos Metro Escuela Militar",Departamento,Publicado hace 20 días,2021-07-01,"Avenida Américo Vespucio Sur 107 - Departamento 212, Metro Escuela Militar, Las Condes, RM (Metropolitana)",400.000,,"0,22 UF/m²","0,37 UF/m²",60 m²,50 m²,1,1,60000 CLP,1,,,,
203,"Nuevo A Estrenar, Hermoso Moderno Depto  San Fco Asis!",Departamento,Publicado hace 20 días,2021-07-01,"Camino San Francisco De Asis 1 - 300, Puente Nuevo, Lo Barnechea, RM (Metropolitana)",750.000,,"0,46 UF/m²",,55 m²,50 m²,2,2,100000 CLP,1,,,,
204,Roger De Flor / El Bosque,Departamento,Publicado hace 20 días,2021-07-01,"Roger De Flor / El Bosque, Barrio El Golf, Las Condes, RM (Metropolitana)",595.000,,"0,32 UF/m²","0,33 UF/m²",63 m²,60 m²,2,2,90000 CLP,2,,,,
205,Amoblado A Pasos Escuela Militar,Departamento,Publicado hace 20 días,2021-07-01,"Avenida Américo Vespucio Sur 234 - Departamento 1 - 300, Metro Escuela Militar, Las Condes, RM (Metropolitana)",700.000,,"0,24 UF/m²","0,29 UF/m²",99 m²,95 m²,3,2,,,,,,
206,Amoblado  Cerca De Colegios Verbo Divino Y Villa Maria,Departamento,Publicado hace 20 días,2021-07-01,"Avenida Américo Vespucio Sur 821 - Departamento 22, Barrio El Golf, Las Condes, RM (Metropolitana)",700.000,,"0,24 UF/m²","0,26 UF/m²",99 m²,97 m²,3,3,,1,,,,
207,Metro Alcantara - Departamento Un Dormitorio,Departamento,Publicado hace 20 días,2021-07-01,"Alsacia 1 - 300, Barrio El Golf, Las Condes, RM (Metropolitana)",400.000,,"0,28 UF/m²","0,37 UF/m²",48 m²,48 m²,1,1,,1,,,,
208,El Bosque  / Tobalaba,Departamento,Publicado hace 20 días,2021-07-01,"El Bosque  / Tobalaba, Barrio El Golf, Las Condes, RM (Metropolitana)",18,534.830,"0,19 UF/m²","0,29 UF/m²",96 m²,96 m²,3,2,,,,,,
209,4d 3b Amoblado. Impecable. Metro Escuela Militar,Departamento,Publicado hace 20 días,2021-07-01,"La Gioconda 4200 - 4500, Metro Escuela Militar, Las Condes, RM (Metropolitana)",1.900.000,,"0,3 UF/m²","0,24 UF/m²",216 m²,196 m²,5,4,,2,,,,
210,2dorm Sector El Golf Arriendo Sin Comisión,Departamento,Publicado hace 20 días,2021-07-01,"Hamlet 3900 - 4200, Barrio El Golf, Las Condes, RM (Metropolitana)",28,846.815,"0,32 UF/m²","0,33 UF/m²",89.89 m²,77.4 m²,2,2,,1,,,,
211,Departamento Amoblado En Sector Empresarial Cerro El Plomo,Departamento,Publicado hace 20 días,2021-07-01,"Saturno 5700 - 6000, Metro Manquehue - Apumanque, Las Condes, RM (Metropolitana)",1.500.000,,"0,32 UF/m²","0,28 UF/m²",158 m²,142 m²,4,3,150000 CLP,2,,,,
212,"Nuevo,1er Piso, 1dorm 1 Baño Estacionamiento",Departamento,Publicado hace 19 días,2021-07-01,"Camino San Francisco De Asis 115 - Departamento 104, San Damián, Las Condes, RM (Metropolitana)",480.000,,"0,38 UF/m²","0,37 UF/m²",43 m²,40 m²,1,1,,1,,,,
213,Estupendo En Primer Piso Con Vista A Jardin Interior,Departamento,Publicado hace 19 días,2021-07-01,"Avenida Apoquindo 7800 - 8100, Los Dominicos, Las Condes, RM (Metropolitana)",400.000,,"0,37 UF/m²","0,37 UF/m²",36 m²,36 m²,1,1,,,,,,
214,Triplex Con Terraza Privada - Plaza Las Lilas,Departamento,Publicado hace 19 días,2021-07-01,"Jorge Matte Gormaz 1500 - 1800, Las Lilas, Providencia, RM (Metropolitana)",1.300.000,,"0,27 UF/m²","0,27 UF/m²",160 m²,100 m²,2,3,,1,,,,
215,Amoblado-  Triplex Con Terraza Privada - Plaza Las Lilas,Departamento,Publicado hace 19 días,2021-07-01,"Mariano Sánchez Fontecilla 1200 - 1500, Vaticano, Las Condes, RM (Metropolitana)",1.400.000,,"0,29 UF/m²",,160 m²,100 m²,2,3,,1,,,,
216,Parque Arauco / Parque Araucano,Departamento,Publicado hace 19 días,2021-07-01,"Manquehue Norte 900 - 1200, Parque Arauco, Las Condes, RM (Metropolitana)",610.000,,"0,39 UF/m²","0,37 UF/m²",52 m²,41 m²,1,1,70 CLP,1,,,,
217,Plaza Peru - Clásico - Amoblado - Disponibilidad Inmediata ,Departamento,Publicado hace 19 días,2021-07-01,"Don Carlos 3000 - 3300, Barrio El Golf, Las Condes, RM (Metropolitana)",1.100.000,,"0,37 UF/m²","0,29 UF/m²",99 m²,99 m²,3,2,50000 CLP,1,,,,
218,"Hermoso Departamento 3d, El Golf, Pdte Riesco.",Departamento,Publicado hace 19 días,2021-07-01,"Luz 2989, Centro Financiero, Las Condes, RM (Metropolitana)",900.000,,"0,25 UF/m²","0,27 UF/m²",120 m²,110 m²,3,2,,1,,,,
219,"San Sebastian, A Pasos De Metro Tobalaba",Departamento,Publicado hace 19 días,2021-07-01,"San Sebastián 2700, Centro Financiero, Las Condes, RM (Metropolitana)",550.000,,"0,34 UF/m²","0,37 UF/m²",55 m²,46 m²,1,1,100000 CLP,,,,,
220,Lindo Departamento Amoblado ,Departamento,Publicado hace 19 días,2021-07-01,"Avenida Presidente Kennedy 5700 - 6000, Parque Arauco, Las Condes, RM (Metropolitana)",600.000,,"0,4 UF/m²","0,37 UF/m²",50 m²,39 m²,1,1,,1,,,,
221,Departamento Premium A Estrenar !!,Departamento,Publicado hace 19 días,2021-07-01,"Avenida Manquehue Norte 900 - 1200, Parque Arauco, Las Condes, RM (Metropolitana)",640.000,,"0,44 UF/m²","0,37 UF/m²",48.7 m²,41.2 m²,1,1,,1,,,,
222,Hamlet - Escuela Militar,Departamento,Publicado hace 19 días,2021-07-01,"Hamlet 3900 - 4200, Metro Escuela Militar, Las Condes, RM (Metropolitana)",850.000,,"0,22 UF/m²","0,28 UF/m²",132 m²,120 m²,3,3,170000 CLP,1,,,,
223,Hermoso Departamento A  Con Vista A La Cordillera Nororiente,Departamento,Publicado hace 18 días,2021-07-01,"Avenida Manquehue Norte 900 - 1200, Parque Arauco, Las Condes, RM (Metropolitana)",1.000.000,,"0,39 UF/m²","0,33 UF/m²",87 m²,69 m²,2,2,150000 CLP,2,,,,
224,"Hermoso Departamento A Estrenar En Torre Nk Bersa, Norte",Departamento,Publicado hace 18 días,2021-07-01,"Manquehue Norte 900 - 1200, Parque Arauco, Las Condes, RM (Metropolitana)",620.000,,"0,42 UF/m²","0,37 UF/m²",50 m²,45 m²,1,1,75000 CLP,1,,,,
225,Hermoso Departamento A  Con Vista A La Cordillera Nororiente,Departamento,Publicado hace 18 días,2021-07-01,"Avenida Manquehue Norte 900 - 1200, Parque Arauco, Las Condes, RM (Metropolitana)",1.200.000,,"0,46 UF/m²","0,33 UF/m²",87 m²,69 m²,2,2,150000 CLP,2,,,,
226,Espectacular Departamento En Ubicación Inmejorable.,Departamento,Publicado hace 15 días,2021-07-01,"Ibsen 6300 - 6600, Metro Manquehue - Apumanque, Las Condes, RM (Metropolitana)",32,950.810,"0,29 UF/m²","0,26 UF/m²",109 m²,96 m²,3,3,,2,,,,
227,"El Golf, Presidente Errázuriz",Departamento,Publicado hace 18 días,2021-07-01,"Gertrudis Echenique 300 - 600, Barrio El Golf, Las Condes, RM (Metropolitana)",1.050.000,,"0,36 UF/m²","0,33 UF/m²",98 m²,78 m²,2,2,,1,,,,
228,Amoblado - Metro Manquehue - A Pasos De Apoquindo,Departamento,Publicado hace 18 días,2021-07-01,"Avenida Manquehue Norte 1 - 300, Metro Manquehue - Apumanque, Las Condes, RM (Metropolitana)",1.300.000,,"0,22 UF/m²","0,26 UF/m²",196 m²,151 m²,3,3,,1,,,,
229,Acogedor Y Moderno Departamento De 1d/1b A Estrenar,Departamento,Publicado hace 17 días,2021-07-01,"Avenida Manquehue Sur 900 - 1200, Rotonda Atenas, Las Condes, RM (Metropolitana)",620.000,,"0,47 UF/m²","0,37 UF/m²",44 m²,36 m²,1,1,53000 CLP,,,,,
230,Moderno Y Amplio Departamento De 2d/2b A Estrenar,Departamento,Publicado hace 17 días,2021-07-01,"Avenida Manquehue Sur 900 - 1200, Rotonda Atenas, Las Condes, RM (Metropolitana)",845.000,,"0,39 UF/m²","0,33 UF/m²",73 m²,60 m²,2,2,90000 CLP,,,,,
231,"Amplio Duplex, Entrega Inmediata.",Departamento,Publicado hace 17 días,2021-07-01,"Avenida Cristóbal Colón 3000 - 3300, Vaticano, Las Condes, RM (Metropolitana)",740.000,,"0,25 UF/m²","0,33 UF/m²",100 m²,80 m²,2,2,,1,,,,
232,Viva En El Golf** Exclusivo Renato Sanch,Departamento,Publicado hace 17 días,2021-07-01,"Viva En El Golf** Exclusivo Renato Sanch, Barrio El Golf, Las Condes, RM (Metropolitana)",44,1.307.363,"0,31 UF/m²","0,27 UF/m²",140 m²,120 m²,3,2,,,,,,
233,"Amoblado, Muy Luminoso ",Departamento,Publicado hace 17 días,2021-07-01,"Kennedy - Amoblado 5700 - 6000, Parque Arauco, Las Condes, RM (Metropolitana)",17,533.345,"0,33 UF/m²","0,37 UF/m²",54 m²,50 m²,1,1,95000 CLP,1,,,,
234,"Amoblado, Muy Luminoso ",Departamento,Publicado hace 17 días,2021-07-01,"Kennedy - Amoblado 5700 - 6000, Parque Arauco, Las Condes, RM (Metropolitana)",520.000,,"0,32 UF/m²","0,37 UF/m²",54 m²,50 m²,1,1,95000 CLP,1,,,,
235,Alsacia 100,Departamento,Publicado hace 17 días,2021-07-01,"Alsacia 1 - 300, Barrio El Golf, Las Condes, RM (Metropolitana)",2.350.000,,"0,26 UF/m²","0,24 UF/m²",300 m²,300 m²,3,4,,3,,,,
236,Barrio El Golf,Departamento,Publicado hace 17 días,2021-07-01,"Avenida Apoquindo 3900 - 4200, Barrio El Golf, Las Condes, RM (Metropolitana)",1.100.000,,"0,23 UF/m²","0,28 UF/m²",160 m²,150 m²,3,3,,2,,,,
237,"Excelente Departamento Sector El Golf, Metro Tobalaba",Departamento,Publicado hace 17 días,2021-07-01,"Roger De Flor 2700 - 3000, Barrio El Golf, Las Condes, RM (Metropolitana)",22,668.538,"0,31 UF/m²","0,33 UF/m²",71.5 m²,61 m²,2,2,80000 CLP,1,,,,
238,Dpto Grande Sector Rotonda Atenas Las Condes,Departamento,Publicado hace 17 días,2021-07-01,"Robinson Crusoe 900 - 1200, Rotonda Atenas, Las Condes, RM (Metropolitana)",700.000,,"0,22 UF/m²","0,33 UF/m²",107 m²,96 m²,2,2,,1,,,,
239,"Departamento Amoblado, Excelente Ubicación. El Golf",Departamento,Publicado hace 17 días,2021-07-01,"Alsacia 1 - 300, Barrio El Golf, Las Condes, RM (Metropolitana)",1.500.000,,"0,32 UF/m²","0,24 UF/m²",160 m²,160 m²,3,3,,2,,,,
240,Gran Departamento De Finas Terminaciones Vistas Despejadas,Departamento,Publicado hace 17 días,2021-07-01,"Detroit / San Felix 1500 - 1800, Estadio Croata, Vitacura, RM (Metropolitana)",80,2.377.024,"0,27 UF/m²",,300 m²,300 m²,4,5,380000 CLP,3,,,,
241,Barrio El Golf // Magdalena,Departamento,Publicado hace 17 días,2021-07-01,"Magdalena 1 - 300, Barrio El Golf, Las Condes, RM (Metropolitana)",980.000,,"0,55 UF/m²",,60 m²,60 m²,1,2,,1,,,,
242,Arriendo Departamento Cercano A Metro Escuela Militar.-,Departamento,Publicado hace 17 días,2021-07-01,"Cruz Del Sur 300 - 600, Metro Escuela Militar, Las Condes, RM (Metropolitana)",43,1.277.650,"0,27 UF/m²","0,24 UF/m²",159 m²,159 m²,4,3,,2,,,,
243,"Moderno De Alta Categoría, Tiene Doble Altura Y Escritorio ",Departamento,Publicado hace 17 días,2021-07-01,"Hamlet 4200 - 4500, Metro Escuela Militar, Las Condes, RM (Metropolitana)",1.800.000,,"0,33 UF/m²","0,24 UF/m²",184 m²,160 m²,3,4,180000 CLP,2,,,,
244,"Amoblado En Moderno De Alta Categoría, Tiene Doble Altura",Departamento,Publicado hace 17 días,2021-07-01,"Hamlet 4200 - 4500, Barrio El Golf, Las Condes, RM (Metropolitana)",2.900.000,,"0,53 UF/m²","0,24 UF/m²",184 m²,160 m²,3,4,180000 CLP,2,,,,
245,Hermoso Depto En Las Condes,Departamento,Publicado hace 17 días,2021-07-01,"Colon 4500 - 4800, San Carlos de Apoquindo, Las Condes, RM (Metropolitana)",500.000,,"0,31 UF/m²",,54 m²,50 m²,2,1,100000 CLP,1,,,,
246,Amoblado // Vaticano ,Departamento,,2021-07-01,"Vaticano 4200 - 4500, Vaticano, Las Condes, RM (Metropolitana)",750.000,,"0,27 UF/m²","0,26 UF/m²",94 m²,80 m²,3,3,110000 CLP,1,,,,
247,Parque Arauco - Edificio Moderno -  Amoblado De Lujo!,Departamento,Publicado hace 17 días,2021-07-01,"Cerro Colorado 6000 - 6300, Parque Arauco, Las Condes, RM (Metropolitana)",1.200.000,,"0,35 UF/m²","0,35 UF/m²",117 m²,97 m²,2,2,,1,,,,
248,Arriendo Mensual Gastos Incluidos,Departamento,Publicado hace 17 días,2021-07-01,"Avenida Presidente Kennedy 5700 - 6000, Parque Arauco, Las Condes, RM (Metropolitana)",880.000,,"0,37 UF/m²","0,43 UF/m²",80 m²,80 m²,1,2,,1,,,,
249,"Gran Departamento, Impecable Con Una Marcada Distribución",Departamento,Publicado hace 17 días,2021-07-01,"El Dante 4200 - 4500, Metro Escuela Militar, Las Condes, RM (Metropolitana)",1.650.000,,"0,21 UF/m²","0,24 UF/m²",270 m²,220 m²,5,5,400000 CLP,3,,,,
250,Año 2017 Moderno Diseño Amplio Y Luminoso,Departamento,Publicado hace 17 días,2021-07-01,"El Dante 4200 - 4500, Metro Escuela Militar, Las Condes, RM (Metropolitana)",1.700.000,,"0,3 UF/m²","0,28 UF/m²",190 m²,150 m²,4,5,275000 CLP,2,,,,
251,Escandinavia / San Olav / Narvik / Las Condes,Departamento,Publicado hace 17 días,2021-07-01,"Escandinavia 300 - 600, Metro Manquehue - Apumanque, Las Condes, RM (Metropolitana)",950.000,,"0,3 UF/m²","0,33 UF/m²",107 m²,92 m²,2,2,,1,,,,
252,Maravilloso Departamento  En Excelente Ubicacion,Departamento,Publicado hace 17 días,2021-07-01,"Hermanos Cabot 6600 - 6900, Parque Arauco, Las Condes, RM (Metropolitana)",1.350.000,,"0,27 UF/m²","0,23 UF/m²",170 m²,170 m²,3,2,300000 CLP,2,,,,
253,Metro Los Dominicos,Departamento,Publicado hace 17 días,2021-07-01,"Metro Los Dominicos, Los Dominicos, Las Condes, RM (Metropolitana)",550.000,,"0,38 UF/m²","0,37 UF/m²",49 m²,37 m²,1,1,,1,,,,
254,Encantador Especial Jovenes Metro Golf,Departamento,Publicado hace 17 días,2021-07-01,"Renato Sánchez 3300 - 3600, Barrio El Golf, Las Condes, RM (Metropolitana)",680.000,,"0,24 UF/m²","0,26 UF/m²",95 m²,90 m²,3,3,,1,,,,
255,Lindo Departamento Con Excelente Vista ,Departamento,Publicado hace 17 días,2021-07-01,"Hamlet 4200 - 4500, Metro Escuela Militar, Las Condes, RM (Metropolitana)",500.000,,"0,34 UF/m²","0,37 UF/m²",50 m²,44 m²,1,1,65000 CLP,1,,,,
256,Amplio Departamento En Presidente Riesco ,Departamento,Publicado hace 17 días,2021-07-01,"Avenida Presidente Riesco 2700 - 3000, Barrio El Golf, Las Condes, RM (Metropolitana)",31,921.097,"0,17 UF/m²","0,23 UF/m²",180 m²,180 m²,3,2,,1,,,,
257,Excelente Departamento Cercano Metro  Y Comercio,Departamento,Publicado hace 17 días,2021-07-01,"Nuestra Señora Del Rosario 300 - 600, Metro Manquehue - Apumanque, Las Condes, RM (Metropolitana)",31,935.953,"0,25 UF/m²","0,28 UF/m²",125 m²,115 m²,4,3,,1,,,,
258,Moderno Departamento Incluye Cortinas Estacionamiento,Departamento,Publicado hace 17 días,2021-07-01,"Puerta Del Sol 1 - 300, Metro Escuela Militar, Las Condes, RM (Metropolitana)",410.000,,"0,38 UF/m²","0,37 UF/m²",36 m²,36 m²,1,1,90000 CLP,1,,,,
259,"Depto Escuela Militar 1 Dorm, Dos Ambientes $410.1 - 300.- ",Departamento,Publicado hace 16 días,2021-07-01,"Escuela Militar / El Trovador 4200 - 4500, Metro Escuela Militar, Las Condes, RM (Metropolitana)",410.000,,"0,29 UF/m²","0,37 UF/m²",48 m²,42 m²,1,1,,,,,,
260,Departamento Moderno,Departamento,Publicado hace 16 días,2021-07-01,"Los Militares 5700 - 6000, Metro Manquehue - Apumanque, Las Condes, RM (Metropolitana)",1.000.000,,"0,38 UF/m²","0,33 UF/m²",88 m²,70 m²,2,2,200000 CLP,1,,,,
261,Hermoso Departamento Cerca Del Metro Alcantara,Departamento,Publicado hace 16 días,2021-07-01,"Gertrudis Echenique 1 - 300, Barrio El Golf, Las Condes, RM (Metropolitana)",90,2.674.152,"0,28 UF/m²","0,26 UF/m²",320 m²,320 m²,5,3,,1,,,,
262,Kennedy / Manquehue ,Departamento,Publicado hace 16 días,2021-07-01,"Avenida Manquehue Norte 900 - 1200, Parque Arauco, Las Condes, RM (Metropolitana)",600.000,,"0,34 UF/m²","0,37 UF/m²",59 m²,48 m²,1,1,,1,,,,
263,Departamento Como Nuevo,Departamento,Publicado hace 16 días,2021-07-01,"Puerto Caldera 6600 - 6900, Parque Arauco, Las Condes, RM (Metropolitana)",40,1.202.477,"0,29 UF/m²","0,28 UF/m²",141.52 m²,118.69 m²,3,3,,2,,,,
264,"Cercano A Metro Escuela Militar, Cocina Tradicional  Amobla.",Departamento,Publicado hace 16 días,2021-07-01,"Orinoco 1 - 300, Metro Escuela Militar, Las Condes, RM (Metropolitana)",690.000,,"0,27 UF/m²","0,33 UF/m²",86 m²,80 m²,2,2,,1,,,,
265,"Expats Properties, Amoblado, Parque Arauco, Moderno",Departamento,Publicado hace 16 días,2021-07-01,"Cerro Colorado 6000 - 6300, Parque Arauco, Las Condes, RM (Metropolitana)",1.250.000,,"0,43 UF/m²","0,33 UF/m²",98 m²,80 m²,2,2,145000 CLP,1,4 años,,,
266,Departamento Luminoso En Un Excelente Estado De Mantención.,Departamento,Publicado hace 16 días,2021-07-01,"Luz 2700 - 3000, Barrio El Golf, Las Condes, RM (Metropolitana)",1.100.000,,"0,25 UF/m²","0,27 UF/m²",150 m²,130 m²,3,2,151700 CLP,1,,,,
267,"Napoleón, Barrio El Golf, Inmejorable Ubicación (1d Y 1b)",Departamento,Publicado hace 16 días,2021-07-01,"Napoleón 3000 - 3300, Barrio El Golf, Las Condes, RM (Metropolitana)",350.000,,"0,33 UF/m²","0,37 UF/m²",36 m²,36 m²,1,1,,,,,,
268,Departamento Amoblado,Departamento,Publicado hace 16 días,2021-07-01,"La Castellana Norte 1 - 300, Metro Escuela Militar, Las Condes, RM (Metropolitana)",1.250.000,,"0,37 UF/m²","0,27 UF/m²",115 m²,105 m²,3,2,200000 CLP,1,,,,
269,Callao Edificio Moderno - Metro Alcantara Sin Muebles ,Departamento,Publicado hace 16 días,2021-07-01,"Callao 3600 - 3900, Barrio El Golf, Las Condes, RM (Metropolitana)",1.500.000,,"0,35 UF/m²","0,28 UF/m²",145 m²,125 m²,3,3,,2,,,,
270,Callao Edificio Moderno - Metro Alcantara Amoblado De Lujo,Departamento,Publicado hace 16 días,2021-07-01,"Callao 3600 - 3900, Barrio El Golf, Las Condes, RM (Metropolitana)",1.850.000,,"0,43 UF/m²","0,28 UF/m²",145 m²,125 m²,3,3,,2,,,,
271,Metro Escuela Militar / Monoambiente Con Sensacional Vista,Departamento,Publicado hace 16 días,2021-07-01,"Puerta Del Sol 1 - 300, Metro Escuela Militar, Las Condes, RM (Metropolitana)",21,623.969,"0,54 UF/m²","0,37 UF/m²",39 m²,39 m²,1,1,88000 CLP,,,,,
272,Nuevo Sin Uso 4 Dorm 147  Mtrs2 Más Terrazas,Departamento,Publicado hace 16 días,2021-07-01,"Francisco Cook 600 - 900, Parque Arauco, Las Condes, RM (Metropolitana)",1.700.000,,"0,34 UF/m²","0,28 UF/m²",167 m²,145 m²,4,4,,2,,,,
273,Escandinavia - Av. Apoquindo,Departamento,Publicado hace 16 días,2021-07-01,"Escandinavia 1 - 300, Metro Manquehue - Apumanque, Las Condes, RM (Metropolitana)",659.000,,"0,3 UF/m²","0,33 UF/m²",73 m²,66 m²,2,2,,2,,,,
274,Estupendo Dpto En El Golf,Departamento,Publicado hace 16 días,2021-07-01,"Presidente Riesco 2700 - 3000, Barrio El Golf, Las Condes, RM (Metropolitana)",18,543.744,"0,37 UF/m²","0,37 UF/m²",50 m²,39 m²,1,1,70000 CLP,1,,,,
275,Excelente Departamento Amoblado - Metro Tobalaba,Departamento,Publicado hace 16 días,2021-07-01,"Roger De Flor 2700 - 3000, Barrio El Golf, Las Condes, RM (Metropolitana)",490.000,,"0,28 UF/m²","0,37 UF/m²",58 m²,50 m²,1,1,,1,,,,
276,Excelente Departamento Amoblado - Metro Tobalaba,Departamento,Publicado hace 16 días,2021-07-01,"Roger De Flor 2700 - 3000, Barrio El Golf, Las Condes, RM (Metropolitana)",490.000,,"0,28 UF/m²","0,37 UF/m²",58 m²,50 m²,1,1,,1,,,,
277,Departamento Zurich/las Condes,Departamento,Publicado hace 16 días,2021-07-01,"Zurich 1 - 300, Centro Financiero, Las Condes, RM (Metropolitana)",580.000,,"0,25 UF/m²","0,33 UF/m²",77 m²,70 m²,2,2,110000 CLP,1,,,,
278,Departamento 3 Dorm Bien Ubicado C / Estaionamiento Y Bodega,Departamento,Publicado hace 16 días,2021-07-01,"Tupungato 9000 - 9300, La Llavería, Vitacura, RM (Metropolitana)",890.000,,"0,25 UF/m²","0,26 UF/m²",120 m²,120 m²,3,3,200000 CLP,1,,,,
279,Vista Despejada En El Corazón De Las Condes,Departamento,Publicado hace 16 días,2021-07-01,"Avenida Manquehue Sur 300 - 600, Metro Manquehue - Apumanque, Las Condes, RM (Metropolitana)",650.000,,"0,31 UF/m²","0,33 UF/m²",70.82 m²,64.82 m²,2,2,135000 CLP,1,,,,
280,Amoblado En Piso Bajo A Pasos De Metro Alcantara,Departamento,Publicado hace 16 días,2021-07-01,"Alcántara 82, Barrio El Golf, Las Condes, RM (Metropolitana)",800.000,,"0,32 UF/m²","0,33 UF/m²",85 m²,70 m²,2,2,140000 CLP,1,,,,
281,"Espectacular Departamento/estudio Nuevo, En Las Condes",Departamento,Publicado hace 16 días,2021-07-01,"Camino San Francisco De Asis 1 - 300, San Damián, Las Condes, RM (Metropolitana)",17,519.974,"0,34 UF/m²",,52 m²,52 m²,1,1,,,1 años,,,
282,"Se Arrienda Departamento, Primer Piso, Excelente Ubicación ",Departamento,Publicado hace 16 días,2021-07-01,"Iv Centenario _, Rotonda Atenas, Las Condes, RM (Metropolitana)",660.000,,"0,26 UF/m²","0,33 UF/m²",84 m²,84 m²,2,2,60000 CLP,1,,,,
283,Imago Mundi,Departamento,Publicado hace 16 días,2021-07-01,"Avenida Cristóbal Colón 7000 - Departamento G, Rotonda Atenas, Las Condes, RM (Metropolitana)",600.000,,"0,21 UF/m²","0,26 UF/m²",98 m²,98 m²,3,3,,1,,,,
284,"Napoleón, Estupendo Depto A Una Cuadra Metro El Golf",Departamento,Publicado hace 16 días,2021-07-01,"Napoleón 3300 - 3600, Barrio El Golf, Las Condes, RM (Metropolitana)",49,1.455.927,"0,26 UF/m²","0,26 UF/m²",189 m²,119 m²,4,3,,1,,,,
285,*** Alsacia- Metro El Golf ***,Departamento,Publicado hace 16 días,2021-07-01,"Alsacia 1 - 300, Barrio El Golf, Las Condes, RM (Metropolitana)",450.000,,"0,38 UF/m²","0,37 UF/m²",40 m²,40 m²,1,1,,1,,,,
286,"Excelente Departamento, Sector Privilegiado",Departamento,Publicado hace 16 días,2021-07-01,"San Pascual 1 - 300, Metro Escuela Militar, Las Condes, RM (Metropolitana)",300.000,,"0,29 UF/m²","0,37 UF/m²",35 m²,35 m²,1,1,,,,,,
287,Departamento Como Nuevo Zona De Colón Hernando De,Departamento,Publicado hace 16 días,2021-07-01,"Los Alpes 900 - 1200, Rotonda Atenas, Las Condes, RM (Metropolitana)",1.100.000,,"0,3 UF/m²","0,28 UF/m²",124.59 m²,110.25 m²,4,3,156000 CLP,2,,,,
288,Departamento Como Nuevo Zona De Colón Hernando De,Departamento,Publicado hace 16 días,2021-07-01,"Los Alpes 900 - 1200, Rotonda Atenas, Las Condes, RM (Metropolitana)",1.400.000,,"0,38 UF/m²","0,28 UF/m²",124.59 m²,110.25 m²,4,3,156000 CLP,2,,,,
289,Nuevo Y Amoblado San Francisco Asis,Departamento,Publicado hace 15 días,2021-07-01,"Nuevo Y Amoblado San Francisco Asis, San Damián, Las Condes, RM (Metropolitana)",620.000,,"0,52 UF/m²","0,37 UF/m²",40 m²,36 m²,1,1,,,,,,
290,Metro Escuela  Militar / Edificio Neohaus,Departamento,Publicado hace 8 días,2021-07-01,"Hamlet 4200 - 4500, Metro Escuela Militar, Las Condes, RM (Metropolitana)",500.000,,"0,31 UF/m²","0,41 UF/m²",55 m²,55 m²,2,2,,1,,,,
291,Excelente Ubicacion Departamento En Las Condes,Departamento,Publicado hace 15 días,2021-07-01,"Avenida Manquehue Norte 900 - 1200, Parque Arauco, Las Condes, RM (Metropolitana)",600.000,,"0,45 UF/m²","0,37 UF/m²",45 m²,45 m²,1,1,,1,,,,
292,El Golf Departamento Totalmente Equipado De Un Dormitorio,Departamento,Publicado hace 15 días,2021-07-01,"Presidente Riesco 2700 - 3000, San Carlos de Apoquindo, Las Condes, RM (Metropolitana)",525.000,,"0,41 UF/m²","0,37 UF/m²",43 m²,40 m²,1,1,120000 CLP,1,,,,
293,"Arriendo Excelente Departamento, Casi Nuevo.",Departamento,Publicado hace 15 días,2021-07-01,"Puerto Caldera 6600 - 6900, Parque Arauco, Las Condes, RM (Metropolitana)",1.200.000,,"0,28 UF/m²","0,28 UF/m²",142 m²,120 m²,3,3,150000 CLP,2,,,,
294,Metro Maquehue / Escandinavia,Departamento,Publicado hace 15 días,2021-07-01,"Escandinavia 1 - 300, Metro Manquehue - Apumanque, Las Condes, RM (Metropolitana)",340.000,,"0,38 UF/m²","0,37 UF/m²",30 m²,28 m²,1,1,,1,,,,
295,"Cómodo Departamento, En Excelente Barrio De Las Condes. ",Departamento,Publicado hace 15 días,2021-07-01,"Hamlet 3900 - 4200, Barrio El Golf, Las Condes, RM (Metropolitana)",580.000,,"0,26 UF/m²","0,33 UF/m²",75 m²,65 m²,2,2,,1,,,,
296,Los Militares/ Alonso De Cordova/ Parque Arauco/ Metro,Departamento,Publicado hace 15 días,2021-07-01,"Los Militares 5700 - 6000, Metro Manquehue - Apumanque, Las Condes, RM (Metropolitana)",1.700.000,,"0,36 UF/m²","0,29 UF/m²",160 m²,140 m²,4,4,,2,,,,
297,Callao / Gertrudis Echenique / Metro Alcantara / Las Condes,Departamento,Publicado hace 15 días,2021-07-01,"Callao 3600 - 3900, Barrio El Golf, Las Condes, RM (Metropolitana)",70,2.079.896,"0,48 UF/m²","0,28 UF/m²",145 m²,135 m²,3,3,,1,,,,
298,Callao Moderno - Amoblado - A Pasos Metro Alcantara,Departamento,Publicado hace 15 días,2021-07-01,"Callao 3600 - 3900, Barrio El Golf, Las Condes, RM (Metropolitana)",1.200.000,,"0,31 UF/m²","0,28 UF/m²",130 m²,110 m²,3,3,,1,,,,
299,Arriendo En Metro Manquehue,Departamento,Publicado hace 15 días,2021-07-01,"Estocolmo 300 - 600, Metro Manquehue - Apumanque, Las Condes, RM (Metropolitana)",600.000,,"0,27 UF/m²","0,33 UF/m²",75 m²,64 m²,2,2,110000 CLP,1,,,,
300,Escandinavia / San Olav / Narvik / Las Condes,Departamento,Publicado hace 15 días,2021-07-01,"Escandinavia 300 - 600, Metro Manquehue - Apumanque, Las Condes, RM (Metropolitana)",950.000,,"0,3 UF/m²","0,33 UF/m²",107 m²,92 m²,2,2,,1,,,,
301,Orinoco Metro Escuela Militar ,Departamento,Publicado hace 15 días,2021-07-01,"Orinoco 1 - 300, San Carlos de Apoquindo, Las Condes, RM (Metropolitana)",395.000,,"0,4 UF/m²","0,37 UF/m²",33 m²,33 m²,1,1,,,,,,
302,Ebro / Metro Tobalaba ,Departamento,Publicado hace 15 días,2021-07-01,"Ebro 2700 - 3000, Centro Financiero, Las Condes, RM (Metropolitana)",430.000,,"0,34 UF/m²","0,37 UF/m²",43 m²,39 m²,1,1,,1,,,,
303,Excelente Departamento,Departamento,Publicado hace 15 días,2021-07-01,"El Golf 1 - 300, Barrio El Golf, Las Condes, RM (Metropolitana)",43,1.277.650,"0,31 UF/m²","0,27 UF/m²",140 m²,125 m²,3,2,300000 CLP,2,,,,
304, Manquehue  Kennedy Parque Arauco,Departamento,Publicado hace 15 días,2021-07-01,"Manquehue Norte 900 - 1200, Parque Arauco, Las Condes, RM (Metropolitana)",580.000,,"0,4 UF/m²","0,37 UF/m²",48.71 m²,41.21 m²,1,1,,1,,,,
305,Nethaus Vende Excelente Depto. Foster Norte,Departamento,Publicado hace 15 días,2021-07-01,"Enrique Foster 1 - 300, Barrio El Golf, Las Condes, RM (Metropolitana)",1.150.000,,"0,24 UF/m²","0,28 UF/m²",160 m²,140 m²,4,3,,2,,,,
306,Metro Manquehue - Rosario Sur,Departamento,Publicado hace 15 días,2021-07-01,"Rosario Sur 600 - 900, Metro Manquehue - Apumanque, Las Condes, RM (Metropolitana)",450.000,,"0,3 UF/m²","0,37 UF/m²",50 m²,42 m²,1,1,,1,,,,
307,Departamento Frente Parque San Pablo Ii,Departamento,Publicado hace 15 días,2021-07-01,"Cerro Colorado 6160 - Departamento 1 - 300, Parque Arauco, Las Condes, RM (Metropolitana)",1.100.000,,"0,23 UF/m²","0,28 UF/m²",160 m²,145 m²,3,3,,2,,,,
308,"Edificio Moderno En Calle Tranquila, Vista Urbana Despejada",Departamento,Publicado hace 15 días,2021-07-01,"Alsacia 145, Barrio El Golf, Las Condes, RM (Metropolitana)",870.000,,"0,4 UF/m²","0,33 UF/m²",74 m²,70 m²,2,2,140000 CLP,1,,,,
309,Excelente Departamento En Inmejorable Ubicación.,Departamento,Publicado hace 15 días,2021-07-01,"Avenida Las Condes 12300 - 12600, Mall Sport, Las Condes, RM (Metropolitana)",15,445.692,"0,33 UF/m²","0,37 UF/m²",45.42 m²,45.42 m²,1,1,85000 CLP,1,,,,
310,"Fino Departamento Amoblado, Vista Despejada A Club De Golf",Departamento,Publicado hace 15 días,2021-07-01,"Américo Vespucio Norte 600 - 900, Barrio El Golf, Las Condes, RM (Metropolitana)",1.600.000,,"0,33 UF/m²",,165 m²,150 m²,2,4,250000 CLP,1,,,,
311,Nethaus Arrienda Excelente Departamento Remodelado,Departamento,Publicado hace 15 días,2021-07-01,"Avenida Presidente Riesco 2700 - 3000, Barrio El Golf, Las Condes, RM (Metropolitana)",850.000,,"0,33 UF/m²","0,33 UF/m²",86 m²,80 m²,2,2,155000 CLP,1,,,,
312,Arriendo Depto. Un Ambiente En Las Condes,Departamento,Publicado hace 15 días,2021-07-01,"Pdte. Errazuriz 4383, San Carlos de Apoquindo, Las Condes, RM (Metropolitana)",350.000,,"0,33 UF/m²","0,37 UF/m²",36 m²,36 m²,1,1,,1,,,,
313,Lindo Departamento Plaza Peru,Departamento,Publicado hace 15 días,2021-07-01,"Carmencita 1 - 300, Barrio El Golf, Las Condes, RM (Metropolitana)",1.100.000,,"0,22 UF/m²","0,23 UF/m²",170 m²,160 m²,3,2,180000 CLP,2,,,,
314,Nuestra Señora Del Rosario,Departamento,Publicado hace 14 días,2021-07-01,"Nuestra Señora Del Rosario 300 - 600, Las Condes, RM (Metropolitana)",780.000,,"0,26 UF/m²","0,29 UF/m²",100 m²,90 m²,3,2,88000 CLP,1,,,,
315,Apoquindo 6445,Departamento,Publicado hace 14 días,2021-07-01,"Apoquindo 6300 - 6600, Metro Manquehue - Apumanque, Las Condes, RM (Metropolitana)",13,386.266,"0,31 UF/m²","0,37 UF/m²",42 m²,42 m²,1,1,,,,,,
316,Arriendo Departamento Amoblado La Gloria (3271),Departamento,Publicado hace 14 días,2021-07-01,"La Gloria 30, Metro Escuela Militar, Las Condes, RM (Metropolitana)",420.000,,"0,31 UF/m²","0,37 UF/m²",45 m²,40 m²,1,1,,1,,,,
317,Departamento Amoblado ,Departamento,Publicado hace 14 días,2021-07-01,"Enrique Foster 190, Barrio El Golf, Las Condes, RM (Metropolitana)",37,1.126.115,"0,27 UF/m²","0,27 UF/m²",140 m²,128 m²,3,2,,1,,,,
318,Club De Golf / Entrega Inmediata,Departamento,,2021-07-01,"Club De Golf / Entrega Inmediata, Barrio El Golf, Las Condes, RM (Metropolitana)",89,2.644.439,"0,33 UF/m²","0,26 UF/m²",270 m²,216 m²,3,3,,3,,,,
319,Rosario Norte - Metro Manquehue,Departamento,Publicado hace 14 días,2021-07-01,"Rosario Norte 1 - 300, Metro Manquehue - Apumanque, Las Condes, RM (Metropolitana)",13,390.426,"0,37 UF/m²","0,37 UF/m²",36 m²,34 m²,1,1,60000 CLP,1,,,,
320,Incluye Bodega / Amoblado / Metro El Golf ,Departamento,Publicado hace 14 días,2021-07-01,"Augusto Leguía Sur 1 - 300, Barrio El Golf, Las Condes, RM (Metropolitana)",420.000,,"0,35 UF/m²","0,37 UF/m²",40 m²,40 m²,1,1,,,,,,
321,Evaristo Lillo- Metro E Militar,Departamento,Publicado hace 14 días,2021-07-01,"Evaristo Lillo 1 - 300, Metro Escuela Militar, Las Condes, RM (Metropolitana)",14,415.979,"0,35 UF/m²","0,37 UF/m²",40 m²,32 m²,1,1,70000 CLP,1,,,,
322,Departamento En Piso 2 En Arriendo,Departamento,Publicado hace 14 días,2021-07-01,"Carmencita 1 - 300, Barrio El Golf, Las Condes, RM (Metropolitana)",50,1.485.640,"0,17 UF/m²","0,24 UF/m²",300 m²,300 m²,4,4,,2,,,,
323,"Vista Despejada, Dos Suite, Amplia Terraza",Departamento,Publicado hace 14 días,2021-07-01,"Avenida Las Condes 12300 - 12600, Mall Sport, Las Condes, RM (Metropolitana)",690.000,,"0,35 UF/m²","0,33 UF/m²",66 m²,60 m²,2,2,80000 CLP,1,,,,
324,"Impecable, Ideal Pareja O Persona Sola !. ",Departamento,Publicado hace 14 días,2021-07-01,"Avenida Presidente Riesco 2700 - 3000, Barrio El Golf, Las Condes, RM (Metropolitana)",17,525.917,"0,32 UF/m²","0,37 UF/m²",55 m²,45 m²,1,1,110000 CLP,1,,,,
325,Departamento Flandes,Departamento,Publicado hace 14 días,2021-07-01,"Rodrigo De Triana 4200 - 4500, Vaticano, Las Condes, RM (Metropolitana)",950.000,,"0,23 UF/m²","0,28 UF/m²",140 m²,125 m²,4,3,260000 CLP,2,,,,
326,Se Arrienda Departamento En El Hamlet Metro Alcántara,Departamento,Publicado hace 14 días,2021-07-01,"Hamlet 4200 - 4500, Metro Escuela Militar, Las Condes, RM (Metropolitana)",450.000,,"0,29 UF/m²","0,37 UF/m²",52 m²,40 m²,1,1,,1,,,,
327,Cerca Metro Alcántara,Departamento,Publicado hace 14 días,2021-07-01,"Alsacia 1 - 300, Barrio El Golf, Las Condes, RM (Metropolitana)",1.200.000,,"0,4 UF/m²","0,33 UF/m²",100 m²,90 m²,2,2,,1,,,,
328,"Metro Alcántara, 2 Dormitorios",Departamento,Publicado hace 14 días,2021-07-01,"Alsacia 1 - 300, Barrio El Golf, Las Condes, RM (Metropolitana)",1.200.000,,"0,4 UF/m²","0,33 UF/m²",100 m²,90 m²,2,2,150000 CLP,1,,,,
329,Amplio Departamento En El Golf Con Gran Vista Al Club Lo...,Departamento,Publicado hace 14 días,2021-07-01,"Amplio Departamento En El Golf Con Gran Vista Al Club Los Leones, Barrio El Golf, Las Condes, RM (Metropolitana)",3.000.000,,"0,15 UF/m²","0,24 UF/m²",654 m²,307 m²,5,5,650000 CLP,4,,,,
330,Avenida Presidente Riesco 4000,Departamento,Publicado hace 14 días,2021-07-01,"Avenida Presidente Riesco 3900 - 4200, Barrio El Golf, Las Condes, RM (Metropolitana)",1.700.000,,"0,38 UF/m²","0,29 UF/m²",150 m²,150 m²,3,4,,2,,,,
331,"El Golf, Iluminado, Amplio, Cerca De Todo",Departamento,Publicado hace 14 días,2021-07-01,"Avenida Presidente Riesco 2700 - 3000, Barrio El Golf, Las Condes, RM (Metropolitana)",950.000,,"0,18 UF/m²","0,28 UF/m²",178 m²,140 m²,4,4,,2,,,,
332,Alonso De Cordova Y Vespucio,Departamento,Publicado hace 14 días,2021-07-01,"Cerro La Parva 900 - 1200, Parque Arauco, Las Condes, RM (Metropolitana)",500.000,,"0,22 UF/m²","0,33 UF/m²",75 m²,75 m²,2,2,85000 CLP,,,,,
333,Departamento A Pasos Del Metro Los Dominicos,Departamento,Publicado hace 14 días,2021-07-01,"Paraná 8100 - 8400, Los Dominicos, Las Condes, RM (Metropolitana)",600.000,,"0,34 UF/m²","0,41 UF/m²",60 m²,54 m²,2,2,120000 CLP,1,,,,
334,Full Amoblado ,Departamento,Publicado hace 14 días,2021-07-01,"Martín De Zamora 3000 - 3300, Vaticano, Las Condes, RM (Metropolitana)",1.200.000,,"0,35 UF/m²","0,27 UF/m²",117 m²,107 m²,3,2,,2,,,,
335,Plaza Perú // El Golf,Departamento,Publicado hace 14 días,2021-07-01,"Don Carlos 1800 - 2100, Centro Financiero, Las Condes, RM (Metropolitana)",1.000.000,,"0,2 UF/m²","0,27 UF/m²",165 m²,140 m²,3,2,,2,,,,
336,Departamento Como Nuevo Barrio El Golf,Departamento,Publicado hace 14 días,2021-07-01,"Málaga 1 - 300, Barrio El Golf, Las Condes, RM (Metropolitana)",420.000,,"0,36 UF/m²","0,37 UF/m²",39 m²,39 m²,1,1,,1,,,,
337,Espectacular Penthouse A Pasos Metro Y Servicios.,Departamento,Publicado hace 14 días,2021-07-01,"Cruz Del Sur 300 - 600, Metro Escuela Militar, Las Condes, RM (Metropolitana)",1.850.000,,"0,17 UF/m²","0,26 UF/m²",361 m²,131 m²,4,3,,2,,,,
338,Full Amoblado,Departamento,Publicado hace 14 días,2021-07-01,"Martín De Zamora 2100 - 2400, Barrio El Golf, Las Condes, RM (Metropolitana)",1.200.000,,"0,35 UF/m²","0,27 UF/m²",117 m²,117 m²,3,2,,2,,,,
339,Parque Araucano,Departamento,Publicado hace 14 días,2021-07-01,"Avenida Presidente Riesco 5100 - 5400, Metro Escuela Militar, Las Condes, RM (Metropolitana)",1.250.000,,"0,26 UF/m²","0,28 UF/m²",162 m²,140 m²,4,4,240000 CLP,2,,,,
340,Departamento Con Vista Despejada Y Excelente Ubicación!! ,Departamento,Publicado hace 14 días,2021-07-01,"Avenida Presidente Kennedy 5700 - 6000, Parque Arauco, Las Condes, RM (Metropolitana)",540.000,,"0,36 UF/m²","0,37 UF/m²",50 m²,40 m²,1,1,,1,,,,
341,Cerro San Luis / Exclusivo,Departamento,,2021-07-01,"Cerro San Luis / Exclusivo, Barrio El Golf, Las Condes, RM (Metropolitana)",130,3.862.664,"0,38 UF/m²","0,24 UF/m²",344 m²,294 m²,3,4,800000 CLP,3,,,,
342,Edificio Fundadores / Excelente Estado / El Golf,Departamento,,2021-07-01,"Edificio Fundadores / Excelente Estado / El Golf, Barrio El Golf, Las Condes, RM (Metropolitana)",55,1.634.204,"0,39 UF/m²","0,28 UF/m²",140 m²,125 m²,3,3,,2,,,,
343,Espectacular Estado - Club De Golf - Entrega Inmediata,Departamento,,2021-07-01,"Avenida El Golf 1 - 300, Barrio El Golf, Las Condes, RM (Metropolitana)",1.500.000,,"0,25 UF/m²","0,26 UF/m²",200 m²,160 m²,4,3,,2,,,,
344,Cerro San Luis / El Golf,Departamento,,2021-07-01,"Cerro San Luis / El Golf, Barrio El Golf, Las Condes, RM (Metropolitana)",7.000.000,,"0,36 UF/m²","0,24 UF/m²",650 m²,575 m²,4,5,,4,,,,
345,Plaza Brasilia,Departamento,Publicado hace 13 días,2021-07-01,"Avda. Presidente Kennedy 6373 - Departamento 601, San Carlos de Apoquindo, Las Condes, RM (Metropolitana)",1.950.000,,"0,25 UF/m²","0,26 UF/m²",262 m²,202 m²,4,3,,2,,,,
346,Depto Amoblado A Pasos De Metro Escuela Militar,Departamento,Publicado hace 13 días,2021-07-01,"La Castellana Norte 1 - 300, Metro Escuela Militar, Las Condes, RM (Metropolitana)",1.250.000,,"0,37 UF/m²","0,27 UF/m²",115 m²,105 m²,3,2,200000 CLP,1,,,,
347,Depto Amoblado Vista Parque Araucano ,Departamento,Publicado hace 13 días,2021-07-01,"Cerro Colorado 6000 - 6300, Parque Arauco, Las Condes, RM (Metropolitana)",1.550.000,,"0,46 UF/m²","0,35 UF/m²",113 m²,90 m²,2,2,150000 CLP,1,,,,
348,"Arriendo Departamento 2d+2b Calle Escandinavia, Las Condes",Departamento,Publicado hace 13 días,2021-07-01,"Escandinavia 300 - 600, Metro Manquehue - Apumanque, Las Condes, RM (Metropolitana)",650.000,,"0,3 UF/m²","0,33 UF/m²",74 m²,68 m²,2,2,,1,,,,
349,"Arriendo Departamento 2d+2b Calle Escandinavia, Las Condes",Departamento,Publicado hace 13 días,2021-07-01,"Escandinavia 300 - 600, Metro Manquehue - Apumanque, Las Condes, RM (Metropolitana)",650.000,,"0,3 UF/m²","0,33 UF/m²",74 m²,68 m²,2,2,,1,,,,
350,Depto Amoblado Vista Parque Araucano 2 Dormitorios 2 Baños,Departamento,Publicado hace 13 días,2021-07-01,"Cerro Colorado 6000 - 6300, Parque Arauco, Las Condes, RM (Metropolitana)",1.250.000,,"0,41 UF/m²","0,33 UF/m²",102 m²,78 m²,2,2,120000 CLP,1,,,,
351,"El Golf, Amoblado, Terraza Y Amplia Jardinera, 1 Estacio...",Departamento,Publicado hace 13 días,2021-07-01,"El Golf, Amoblado, Terraza Y Amplia Jardinera, 1 Estacionamiento, Barrio El Golf, Las Condes, RM (Metropolitana)",490.000,,"0,28 UF/m²","0,37 UF/m²",58 m²,50 m²,1,1,60000 CLP,1,7 años,,,
352,Departamento En Tercer Piso,Departamento,Publicado hace 13 días,2021-07-01,"San Pascual 1 - 300, Metro Escuela Militar, Las Condes, RM (Metropolitana)",370.000,,"0,31 UF/m²","0,37 UF/m²",40 m²,40 m²,1,1,,1,,,,
353,"El Golf, San Sabastian | 3d + Servicio | 2b | Est. + Bod |",Departamento,Publicado hace 13 días,2021-07-01,"San Sebastian 2400 - 2700, Barrio El Golf, Las Condes, RM (Metropolitana)",750.000,,"0,21 UF/m²","0,28 UF/m²",120 m²,110 m²,4,3,,1,,,,
354,Escuela Militar / La Macarena,Departamento,Publicado hace 13 días,2021-07-01,"La Macarena (myp) 1 - 300, Metro Escuela Militar, Las Condes, RM (Metropolitana)",420.000,,"0,28 UF/m²","0,37 UF/m²",50 m²,42 m²,1,1,65000 CLP,1,,,,
355,Departamento Con Cocina Remodelada,Departamento,Publicado hace 13 días,2021-07-01,"San Pascual 141, Metro Escuela Militar, Las Condes, RM (Metropolitana)",380.000,,"0,32 UF/m²","0,37 UF/m²",40 m²,40 m²,1,1,,1,,,,
356,Luz / Presidente Riesco,Departamento,Publicado hace 13 días,2021-07-01,"Luz / Presidente Riesco, Centro Financiero, Las Condes, RM (Metropolitana)",1.000.000,,"0,31 UF/m²","0,29 UF/m²",109 m²,100 m²,3,2,,1,,,,
357,Gran Departamento De 140 Metros En Las Condes,Departamento,Publicado hace 13 días,2021-07-01,"Camino San Antonio / Avenida Las Condes 000, Mall Sport, Las Condes, RM (Metropolitana)",1.200.000,,"0,28 UF/m²","0,28 UF/m²",145 m²,140 m²,4,3,,3,,,,
358,Burgos Con Renato Sanchez,Departamento,Publicado hace 13 días,2021-07-01,"Burgos Con Renato Sanchez, Barrio El Golf, Las Condes, RM (Metropolitana)",1.200.000,,"0,22 UF/m²","0,26 UF/m²",181 m²,145 m²,4,3,150000 CLP,2,,,,
359,"El Dante, Metro E. Militar Y Alcantara",Departamento,Publicado hace 13 días,2021-07-01,"El Dante 3900 - 4200, Metro Escuela Militar, Las Condes, RM (Metropolitana)",480.000,,"0,34 UF/m²","0,37 UF/m²",48 m²,48 m²,1,1,,1,,,,
360,Sin Muebles! Exclusivo Fundadores,Departamento,Publicado hace 13 días,2021-07-01,"Callao 3600 - 3900, Barrio El Golf, Las Condes, RM (Metropolitana)",650.000,,"0,41 UF/m²","0,37 UF/m²",53 m²,45 m²,1,1,90000 CLP,1,,,,
361,"Espectacular Departamento, Alcantara /vaticano",Departamento,Publicado hace 13 días,2021-07-01,"Alcántara Con Vaticano ., Vaticano, Las Condes, RM (Metropolitana)",2.500.000,,"0,28 UF/m²","0,24 UF/m²",300 m²,240 m²,5,4,,3,,,,
362,"Amoblado En Edificio De Arquitectura Y Diseño, Alto",Departamento,Publicado hace 13 días,2021-07-01,"Avenida El Golf 1 - 300, Barrio El Golf, Las Condes, RM (Metropolitana)",760.000,,"0,4 UF/m²","0,33 UF/m²",64 m²,62 m²,2,2,,1,,,,
363,Gran Departamento Con Vista Despejada - Amoblado,Departamento,Publicado hace 13 días,2021-07-01,"Avenida Américo Vespucio Sur 1 - 300, Metro Escuela Militar, Las Condes, RM (Metropolitana)",38,1.129.086,"0,26 UF/m²","0,27 UF/m²",146 m²,136 m²,3,2,120000 CLP,1,,,,
364,Fabuloso Departamento Con Vistas Despejadas ,Departamento,Publicado hace 13 días,2021-07-01,"Avenida Américo Vespucio Sur 600 - 900, Metro Escuela Militar, Las Condes, RM (Metropolitana)",45,1.337.076,"0,19 UF/m²","0,24 UF/m²",240 m²,200 m²,3,4,500000 CLP,2,,,,
365,Frente A Plaza Perú - Edificio De Alto Estandard,Departamento,Publicado hace 13 días,2021-07-01,"Carmencita 1 - 300, Barrio El Golf, Las Condes, RM (Metropolitana)",90,2.674.152,"0,3 UF/m²","0,24 UF/m²",300 m²,260 m²,4,5,400000 CLP,3,,,,
366,Hamlet /las Torcazas,Departamento,Publicado hace 13 días,2021-07-01,"Hamlet 3900 - 4200, Barrio El Golf, Las Condes, RM (Metropolitana)",530.000,,"0,4 UF/m²","0,37 UF/m²",45 m²,40 m²,1,1,100000 CLP,1,,,,
367,El Golf - Nuevo - Metro Alcántara Sin Ruido.,Departamento,Publicado hace 13 días,2021-07-01,"Callao 3600 - 3900, Barrio El Golf, Las Condes, RM (Metropolitana)",800.000,,"0,45 UF/m²","0,37 UF/m²",60 m²,50 m²,1,1,,1,,,,
368,  Bajo De Valor   Espectacular Departamento Nuevo,Departamento,Publicado hace 13 días,2021-07-01,"Puerta Del Sol 1 - 300, Metro Escuela Militar, Las Condes, RM (Metropolitana)",15,445.692,"0,43 UF/m²","0,37 UF/m²",35 m²,35 m²,1,1,,1,,,,
369,  Bajo De Valor   Espectacular Departamento Nuevo,Departamento,Publicado hace 13 días,2021-07-01,"Puerta Del Sol 1 - 300, Metro Escuela Militar, Las Condes, RM (Metropolitana)",15,445.692,"0,43 UF/m²","0,37 UF/m²",35 m²,35 m²,1,1,,1,,,,
370,Carmencita Frente Plaza Perú Metro El Golf,Departamento,Publicado hace 13 días,2021-07-01,"Carmencita 1 - 300, Barrio El Golf, Las Condes, RM (Metropolitana)",1.800.000,,"0,21 UF/m²","0,24 UF/m²",286 m²,260 m²,4,5,500000 CLP,2,,,,
371,Departamento Luminoso En Un Excelente Estado De Mantención.,Departamento,Publicado hace 13 días,2021-07-01,"Luz 2700 - 3000, Barrio El Golf, Las Condes, RM (Metropolitana)",1.100.000,,"0,25 UF/m²","0,27 UF/m²",150 m²,130 m²,3,2,151700 CLP,1,,,,
372,"Excelente Departamento, Muy Bien Ubicado",Departamento,Publicado hace 13 días,2021-07-01,"Escandinavia 1 - 300, Metro Manquehue - Apumanque, Las Condes, RM (Metropolitana)",1.400.000,,"0,31 UF/m²","0,28 UF/m²",152 m²,147 m²,4,3,,2,,,,
373,...,Departamento,Publicado hace 13 días,2021-07-01,"Avenida Presidente Riesco 1 - 300, Barrio El Golf, Las Condes, RM (Metropolitana)",650.000,,"0,31 UF/m²","0,33 UF/m²",71 m²,63 m²,2,2,,1,,,,
374,Rebajado Coordine Visita,Departamento,Publicado hace 13 días,2021-07-01,"Zurich 1800 - 2100, Centro Financiero, Las Condes, RM (Metropolitana)",350.000,,"0,32 UF/m²","0,37 UF/m²",37 m²,37 m²,1,1,,,,,,
375,"Arrienda 2 D Grandes, Manquehue Full Equipado !! Available !",Departamento,Publicado hace 13 días,2021-07-01,"Las Malvas 610 - Departamento 1 - 300, Metro Manquehue - Apumanque, Las Condes, RM (Metropolitana)",28,831.958,"0,28 UF/m²","0,33 UF/m²",100 m²,96 m²,2,2,,1,,,,
376,"Semiamoblado, Moderno, 2 Suites, M. Alcantara ",Departamento,Publicado hace 13 días,2021-07-01,"Hamlet 4145 - Departamento 1 - 300, Barrio El Golf, Las Condes, RM (Metropolitana)",840.000,,"0,31 UF/m²","0,33 UF/m²",89.9 m²,77.4 m²,2,2,150000 CLP,1,,,,
377,Parque Arauco - Cerro Colorado. 2d+2b+e+b    Imperdible,Departamento,Publicado hace 13 días,2021-07-01,"Cerro Colorado 6000 - 6300, Parque Arauco, Las Condes, RM (Metropolitana)",800.000,,"0,27 UF/m²","0,33 UF/m²",100 m²,80 m²,2,2,,1,,,,
378,"Moderno 2 Dormitorios, 2 Baños, Cocina Y Logia Aparte,",Departamento,Publicado hace 13 días,2021-07-01,"Escandinavia 1 - 300, Metro Manquehue - Apumanque, Las Condes, RM (Metropolitana)",880.000,,"0,39 UF/m²","0,33 UF/m²",76 m²,76 m²,2,2,,1,,,,
379,Amoblado Vista Panorámica Los Alpes,Departamento,Publicado hace 13 días,2021-07-01,"Los Alpes 900 - 1200, Rotonda Atenas, Las Condes, RM (Metropolitana)",800.000,,"0,32 UF/m²","0,33 UF/m²",83.4 m²,75 m²,2,2,130000 CLP,1,,,,
380,"Gran Vista Parque Araucano Despejada, Amplios Espacios ",Departamento,Publicado hace 13 días,2021-07-01,"Cerro Colorado 6028, Parque Arauco, Las Condes, RM (Metropolitana)",1.150.000,,"0,39 UF/m²","0,33 UF/m²",100 m²,83 m²,2,2,240000 CLP,,,,,
381,"Gran Vista Parque Araucano Despejada, Amplios Espacios",Departamento,Publicado hace 13 días,2021-07-01,"Cerro Colorado 6028, Parque Arauco, Las Condes, RM (Metropolitana)",1.000.000,,"0,34 UF/m²","0,33 UF/m²",100 m²,83 m²,2,2,240000 CLP,1,,,,
382,Parque Arauco,Departamento,Publicado hace 12 días,2021-07-01,"Cerro Colorado 6000 - 6300, Parque Arauco, Las Condes, RM (Metropolitana)",600.000,,"0,37 UF/m²",,55 m²,55 m²,1,1,80000 CLP,1,,,,
383,El Golf,Departamento,Publicado hace 12 días,2021-07-01,"San Crescente 1 - 300, Barrio El Golf, Las Condes, RM (Metropolitana)",1.400.000,,"0,31 UF/m²","0,27 UF/m²",150 m²,140 m²,3,2,240000 CLP,2,,,,
384,Hermoso Departamento A Estrenar En Torre Nk Bersa,Departamento,Publicado hace 12 días,2021-07-01,"Avenida Manquehue Norte 900 - 1200, Parque Arauco, Las Condes, RM (Metropolitana)",850.000,,"0,39 UF/m²","0,33 UF/m²",74 m²,61 m²,2,2,130000 CLP,1,,,,
385,Amoblado Sector El Bosque Norte.,Departamento,Publicado hace 12 días,2021-07-01,"San Sebastián 2700 - 3000, Barrio El Golf, Las Condes, RM (Metropolitana)",470.000,,"0,3 UF/m²","0,37 UF/m²",53 m²,50 m²,1,1,60000 CLP,1,,,,
386,Parque Arauco - Moderno -  Sin Muebles Semi Equipado!,Departamento,Publicado hace 12 días,2021-07-01,"Cerro Colorado 6000 - 6300, Parque Arauco, Las Condes, RM (Metropolitana)",1.000.000,,"0,29 UF/m²","0,35 UF/m²",117 m²,97 m²,2,2,,1,,,,
387,Precioso Depto. Linda Vista - Gotemburgo - Los Militares,Departamento,Publicado hace 12 días,2021-07-01,"Gotemburgo 1 - 300, Metro Manquehue - Apumanque, Las Condes, RM (Metropolitana)",1.100.000,,"0,26 UF/m²","0,29 UF/m²",140 m²,140 m²,4,4,214000 CLP,2,,,,
388,Departamento Barrio El Golf / Augusto Leguia,Departamento,Publicado hace 12 días,2021-07-01,"Augusto Leguía Norte 44 - Departamento 1203, Barrio El Golf, Las Condes, RM (Metropolitana)",850.000,,"0,28 UF/m²","0,29 UF/m²",104 m²,100 m²,3,2,,1,,,,
389,"Amplio Departamento, Una Cuadra Del Metro El Golf /",Departamento,Publicado hace 12 días,2021-07-01,"Napoleón 3300 - 3600, Barrio El Golf, Las Condes, RM (Metropolitana)",31,931.496,"0,17 UF/m²","0,26 UF/m²",190 m²,160 m²,4,3,290000 CLP,2,,,,
390,"Amplio Departamento, Una Cuadra Del Metro El Golf /",Departamento,Publicado hace 12 días,2021-07-01,"Napoleón 3300 - 3600, Barrio El Golf, Las Condes, RM (Metropolitana)",31,931.496,"0,17 UF/m²","0,26 UF/m²",190 m²,160 m²,4,3,290000 CLP,2,,,,
391,Rico Departamento Sector Hernando De Magallanes / Av. Colón,Departamento,Publicado hace 12 días,2021-07-01,"Los Alpes 600 - 900, Rotonda Atenas, Las Condes, RM (Metropolitana)",40,1.194.454,"0,32 UF/m²","0,28 UF/m²",125 m²,110 m²,4,3,,1,,,,
392,"Depto - Amplios Espacios, Gran Vista De Todas Las Terrazas.",Departamento,Publicado hace 11 días,2021-07-01,"Gustavo V 1 - 300, Metro Manquehue - Apumanque, Las Condes, RM (Metropolitana)",1.490.000,,"0,3 UF/m²","0,26 UF/m²",170 m²,140 m²,3,3,250000 CLP,2,,,,
393,Depto. Excelente Estado Colón Con H. De Magallanes ,Departamento,Publicado hace 11 días,2021-07-01,"Hernando De Magallanes 900 - 1200, Rotonda Atenas, Las Condes, RM (Metropolitana)",1.000.000,,"0,24 UF/m²","0,28 UF/m²",140 m²,130 m²,3,3,,2,,,,
394,Departamento Muy Bien Ubicado A Pasos De Colon Y A Vespucio,Departamento,Publicado hace 10 días,2021-07-01,"Alicante 900 - 1200, Vaticano, Las Condes, RM (Metropolitana)",580.000,,"0,25 UF/m²","0,33 UF/m²",79 m²,75 m²,2,2,,1,,,,
395,Cerro Colorado Parque Arauco Sin Muebles,Departamento,Publicado hace 10 días,2021-07-01,"Cerro Colorado 5700 - 6000, Parque Arauco, Las Condes, RM (Metropolitana)",700.000,,"0,36 UF/m²","0,33 UF/m²",65 m²,60 m²,2,2,,1,,,,
396,Departamento Moderno / Metro Manquehue / Apoquindo,Departamento,,2021-07-01,"Rosario Sur 300 - 600, Metro Manquehue - Apumanque, Las Condes, RM (Metropolitana)",1.590.000,,"0,31 UF/m²","0,26 UF/m²",171 m²,139 m²,3,3,250000 CLP,2,3 años,,,
397,Depto Para Venta O Arriendo/ Bosque Norte,Departamento,Publicado hace 9 días,2021-07-01,"Zurich 1 - 300, Centro Financiero, Las Condes, RM (Metropolitana)",900.000,,"0,25 UF/m²","0,3 UF/m²",119 m²,100 m²,4,3,,2,,,,
398,Cantagallo,Departamento,Publicado hace 9 días,2021-07-01,"Avenida Las Condes 11700 - 12000, Tabancura, Vitacura, RM (Metropolitana)",24,713.107,0 UF/m²,,95 m²,90 m²,2,2,,1,,,,
399,Lindo Departamento Amoblado En La Mejor Ubicacion Del Golf,Departamento,Publicado hace 9 días,2021-07-01,"Luz 1 - 300, Barrio El Golf, Las Condes, RM (Metropolitana)",1.100.000,,"0,31 UF/m²","0,28 UF/m²",120 m²,120 m²,3,3,135000 CLP,1,,,,
400,Precioso Departamento Amoblado En Pleno Centro Financiero!,Departamento,Publicado hace 9 días,2021-07-01,"Helvecia 1 - 300, Centro Financiero, Las Condes, RM (Metropolitana)",530.000,,"0,47 UF/m²","0,37 UF/m²",38 m²,33 m²,1,1,70000 CLP,1,,,,
401,Espectacular Departamento Colon - Malaga,Departamento,Publicado hace 9 días,2021-07-01,"Málaga 1020 - Departamento 300 - 600, Vaticano, Las Condes, RM (Metropolitana)",630.000,,"0,19 UF/m²",,110 m²,110 m²,4,2,,1,,,,
402,Vista Cordillera/ Callao / Exclusivo Amoblado,Departamento,Publicado hace 9 días,2021-07-01,"Callao 3600 - 3900, Barrio El Golf, Las Condes, RM (Metropolitana)",1.600.000,,"0,37 UF/m²","0,28 UF/m²",145 m²,135 m²,4,3,260000 CLP,1,,,,
403,El Golf / Augusto Leguia,Departamento,Publicado hace 9 días,2021-07-01,"Augusto Leguía Norte 1 - 300, Barrio El Golf, Las Condes, RM (Metropolitana)",800.000,,"0,23 UF/m²","0,28 UF/m²",118 m²,110 m²,3,3,180000 CLP,1,,,,
404,Puerto De Caldera / Geronimo De Alderete,Departamento,Publicado hace 9 días,2021-07-01,"Puerto De Caldera / Geronimo De Alderete, Parque Arauco, Las Condes, RM (Metropolitana)",40,1.202.477,"0,29 UF/m²","0,28 UF/m²",140 m²,120 m²,3,3,,,,,,
405,Neveria / Estadio Español,Departamento,Publicado hace 9 días,2021-07-01,"Neveria / Estadio Español, Metro Escuela Militar, Las Condes, RM (Metropolitana)",33,980.522,"0,22 UF/m²","0,27 UF/m²",152 m²,140 m²,3,2,,,,,,
406,Pte Errazuriz / Villa María,Departamento,Publicado hace 9 días,2021-07-01,"Pte Errazuriz / Villa María, Barrio El Golf, Las Condes, RM (Metropolitana)",800.000,,"0,19 UF/m²","0,3 UF/m²",140 m²,140 m²,2,2,,,,,,
